_,Name,Start Date,Due Date,Assignee,Project,Subs
Yes,Test,"August 1, 2021",,,,
Yes,Get more contact lens solution,"August 2, 2021",,,,
Yes,Get tickers from Duy's chat,"August 2, 2021",,,,
Yes,Put money into Questrade,"August 2, 2021",,,,
Yes,Look into Amazon CDR,"August 2, 2021",,,,
Yes,waiting for R to get installed on my computer by Support Central,"August 3, 2021",,,,
Yes,Work on app,"August 3, 2021",,,,
Yes,Find place to eat with Eddie and Sodo,"August 3, 2021",,,,
Yes,Get weed for reunion,"August 3, 2021",,,,
Yes,Roll 4 more for Leo,"August 3, 2021",,,,
Yes,Plan reunion meals,"August 3, 2021",,,,
Yes,Look into driving licence process in BC,"August 3, 2021",,,,
Yes,Update resume,"August 3, 2021",,,,
Yes,"developed overlap formula more, implemented Campbells suggestions and found errors/edge cases","August 4, 2021",,,,
Yes,Creation Work Board,"August 4, 2021",,,,
Yes,Update the One Note,"August 4, 2021",,,,
Yes,look at Covid delay categories,"August 4, 2021",,,,
Yes,Finish the delay overlap testing,"August 4, 2021",,,,
Yes,Read investing book,"August 4, 2021",,,,
Yes,"Look for qualifications for investment bank analyst and research quant positions ","August 4, 2021",,,,
Yes,Bring Leo the 4 Joints,"August 4, 2021",,,,
Yes,30 Min machine learning - Make first model,"August 4, 2021",,,,
Yes,Draw out the 5 year plan (3rd year until post graduation),"August 4, 2021",,,,
Yes,"Read finance book ","August 5, 2021",,,,
Yes,Look through R code sent to us,"August 5, 2021",,,,
Yes,Cook 6 Stir-fries for reunion,"August 5, 2021",,,,
Yes,Get list of things for reunion,"August 5, 2021",,,,
Yes,Read investing book + take notes,"August 6, 2021",,,,
Yes,Email Sarah the %s for overlaps,"August 6, 2021",,,,
Yes,Move new overlap formula to mockup,"August 6, 2021",,,,
Yes,Run analysis on 2021 BO report,"August 6, 2021",,,,
Yes,Pack for reunion,"August 6, 2021",,,,
Yes,Get plan for when school starts in operation obsidian,"August 7, 2021",,,,
Yes,Recolored all my cells to make MYD easier to read,"August 9, 2021",,,,
Yes,Finish marking the Sarah delay categories,"August 9, 2021",,,,
Yes,Clean up Leave Types after Sarah is done with them,"August 9, 2021",,,,
Yes,Look into R on share point,"August 9, 2021",,,,
Yes,Do the reflections in Journal,"August 10, 2021",,,,
Yes,"Read Investing book ","August 10, 2021",,,,
Yes,"Thumbs up Campbell's message ","August 10, 2021 6:00 AM (PDT)",,,,
Yes,Look at dividend funds properly,"August 12, 2021",,,,
Yes,"Look at what went wrong last time w/ ML (Azure account?) ","August 16, 2021",,,,
Yes,Do the asset tracking form,"August 16, 2021",,,,
Yes,Go through upgrade prerequisites,"August 16, 2021",,,,
Yes,Create a combined duration time for the data (easy???),"August 16, 2021",,,,
Yes,"Manually do all the medical reports ","August 16, 2021",,,,
Yes,Look into reoccurring tasks Notion,"August 16, 2021",,,,
Yes,"Cook the 2 remaining meals for the week ","August 17, 2021",,,,
Yes,"Create work learn account & add to list of Jobs ","August 17, 2021",,,,
Yes,SQL Learning,"August 17, 2021",,,,
Yes,Get VBA working with family medical delays,"August 18, 2021",,,,
Yes,Find clubs to join (make list),"August 18, 2021",,,,
Yes,Call CRA about getting full account,"August 18, 2021",,,,
Yes,Do the combined duration formula for the MYD,"August 19, 2021",,,,
Yes,Look into AC - Do DD,"August 19, 2021",,,,
Yes,Do the post upgrade work on the Citrix Enviro.,"August 19, 2021",,,,
Yes,Creating a list of job applications for Vancouver fall,"August 19, 2021",,,,
Yes,PBL DD,"August 22, 2021",,,,
Yes,"Make sure you go through Sarah's notes. (not green ones) ","August 23, 2021",,,,
Yes,Get 2020 Tax info from mum,"August 23, 2021",,,,
Yes,Go through and finish 1 job application,"August 23, 2021",,,,
Yes,Food Safe Certification Registration + Plan out week of learning to complete it,"August 23, 2021",,,,
Yes,Get VBA working fully,"August 23, 2021",,,,
Yes,Put more money into QT,"August 23, 2021",,,,
Yes,Create list of suggestions for Dashboards,"August 24, 2021",,,,
Yes,"Look over Sarah's email ","August 24, 2021",,,,
Yes,Find alt 'Other Delay Categories',"August 25, 2021",,,,
Yes,Set up haircut,"August 25, 2021",,,,
Yes,Analyse the MYD to some degree,"August 25, 2021",,,,
Yes,Clean up '21 duration,"August 25, 2021",,,,
Yes,Look for research opportunities at UBC,"August 25, 2021",,,,
Yes,Departure checklist,"August 26, 2021",,,,
Yes,Combine all years of data,"August 26, 2021",,,,
Yes,Call CRA: Unlock account + full account unlock,"August 26, 2021",,,,
Yes,"Figure out what would want to be improved for macro ","August 27, 2021",,,,
Yes,Figure out + List routines for school,"August 29, 2021",,,,
Yes,Finish ML #3,"August 30, 2021",,,,
Yes,Set new calorie goals and adjust everything 2.2k (see how we go weight wise),"August 31, 2021",,,,
Yes,Beef jerky,"August 31, 2021",,,,
Yes,Create VBA Presentation,"August 31, 2021",,,,
Yes,Figure out plan to learn the courses (process),"September 1, 2021",,,,
Yes,Go though all the ToDoist things for the day,"September 5, 2021",,,,
Yes,Call Mociute,"September 5, 2021",,,,
Yes,"Google farmers markets in area ","September 6, 2021",,,,
Yes,"Check legal documents for expiration, put notif 6months in advance ","September 6, 2021",,,,
Yes,DSCI100: Read #0 & 1,"September 6, 2021",,,,
Yes,Give all weed stuffs to Duy,"September 6, 2021",,,,
Yes,Start googling places to do activities,"September 7, 2021",,,,
Yes,"STAT302: 2.1, 2.2, 2.3","September 7, 2021",,,,
Yes,"MATH307 Learning: Linear systems of equations, row opera-tions, Gaussian elimination, rank, exis-tence and uniqueness of solutions","September 7, 2021",,,,
Yes,Buy hat for Justin,"September 7, 2021",,,,
Yes,Call home w/ list of things,"September 8, 2021",,,,
Yes,Apply for CRB from CRA for term 2,"September 8, 2021",,,,
Yes,"STAT302: 2.4,2.5 & 1.1 - 1.4","September 9, 2021",,,,
Yes,"MATH307: Triangular Matrix, LU Decomp, forward and backward substitution","September 9, 2021",,,,
Yes,send out maintenance report for my door.,"September 9, 2021",,,,
Yes,Check the grades open for 121,"September 10, 2021",,,,
Yes,Remind Daniel to text Jonathan about Costco and Ikea,"September 10, 2021",,,,
Yes,"CPSC121 Quizzes ","September 10, 2021",,,,
Yes,Get eyes for rhomba,"September 11, 2021",,,,
Yes,Register for co-op /  begin the application,"September 13, 2021",,,,
Yes,"Do the intro to labs ","September 13, 2021",,,,
Yes,"DSCI100 Reading 2 ","September 13, 2021",,,,
Yes,121 Prelab,"September 14, 2021",,,,
Yes,Email Sarah and ask about tracking the packages,"September 14, 2021",,,,
Yes,Go over the 221 video,"September 14, 2021",,,,
Yes,"STAT302 Webwork, get it done","September 16, 2021",,,,
Yes,DSCI100 Do the worksheet #2,"September 17, 2021",,,,
Yes,"STAT302 Sections: 2.5, 3.1, 3.2","September 17, 2021",,,,
Yes,"MATH307 Matrix norm, condition number, relative errors","September 17, 2021",,,,
Yes,Register to vote,"September 18, 2021",,,,
Yes,Look at https://www.facebook.com/groups/119194305267824/permalink/1242415829612327/,"September 18, 2021",,,,
Yes,Sort out eating and meals → generate a meal plan,"September 18, 2021",,,,
Yes,Buy things from Amazon,"September 18, 2021",,,,
Yes,Select 1 thing to do extra: ml poker fs E-Board,"September 18, 2021",,,,
Yes,307: find + read the next level of material,"September 19, 2021",,,,
Yes,121: quiz 2,"September 19, 2021",,,,
Yes,"221: Finish as much of HW1 as possible ","September 19, 2021",,,,
Yes,221 go over previous lectures from this week,"September 19, 2021",,,,
Yes,Read chapter 2.2 and take notes,"September 19, 2021",,,,
Yes,Find time to call James in the next week,"September 19, 2021",,,,
Yes,Go over the 221 lecture from last week (selection sort),"September 20, 2021",,,,
Yes,121 Prelab 2,"September 20, 2021",,,,
Yes,"look at buying poker tracker ","September 20, 2021",,,,
Yes,register for upswing,"September 20, 2021",,,,
Yes,DSCI100 Reading 03,"September 20, 2021",,,,
Yes,"Go through 221 Examlet Practice ","September 21, 2021",,,,
Yes,"Go through the 307 example of interpolation ","September 21, 2021",,,,
Yes,Throw money into questrade,"September 21, 2021",,,,
Yes,"221 Video ","September 22, 2021",,,,
Yes,Review for stat302 quiz on friday,"September 22, 2021",,,,
Yes,Grind some poker,"September 22, 2021",,,,
Yes,look at resetting surface so I can start again,"September 23, 2021",,,,
Yes,CS121 Reading for the Quiz (section 2.5 + the links),"September 23, 2021",,,,
Yes,"MATH307 HW1 Opens today, prolly do that","September 23, 2021",,,,
Yes,DSCI100 Lecture worksheet,"September 24, 2021",,,,
Yes,"Eat egg, pork, potatoes + yoghurt for breakfast.","September 24, 2021",,,,
Yes,Put poker plans for next week. Include the short deck math section,"September 24, 2021",,,,
Yes,"STAT302: 3.3, 3.4","September 24, 2021",,,,
Yes,MATH307: cubic spline interpolation,"September 24, 2021",,,,
Yes,Fill out the application to SCI,"September 24, 2021",,,,
Yes,Update resume with NSERC things from the summer,"September 24, 2021",,,,
Yes,Look into the 221 debug lab,"September 25, 2021",,,,
Yes,"302: Grind the recommended problems for chapters 1 & 2 ","September 25, 2021",,,,
Yes,"307: Ordinary differential equations, boundary value problems, finite difference method","September 27, 2021",,,,
Yes,121: Quiz A & B,"September 27, 2021",,,,
Yes,"302: Grind Chapter 3 recommended problems ","September 27, 2021",,,,
Yes,"DSCI100 - Reading #4 ","September 27, 2021",,,,
Yes,Math307: Python Assignment 1,"September 28, 2021",,,,
Yes,DSCI100 Tutorial set,"September 28, 2021",,,,
Yes,Jump into the first appointment formula for Campbell,"September 28, 2021",,,,
Yes,Go though 221 video lecture,"September 29, 2021",,,,
Yes,create a stat 302 practice problem list and plan out studying,"September 29, 2021",,,,
Yes,Find practice material for CPSC121 and MATH 307 midterms on the 13th of Oct,"September 29, 2021",,,,
Yes,Look into programing asingment 1 for 221,"September 30, 2021",,,,
Yes,Get study material for next week sorted,"September 30, 2021",,,,
Yes,Tasktop,"October 2, 2021",,,,
Yes,STAT302: 4.1 to 4.3,"October 2, 2021",,,,
Yes,"MATH307: Subspaces, linear independence, span, dimension, inner product, orthogonal sub-spaces, orthogonal complement, null space and range of a matrix, orthogonality relations of fundamental subspaces of a matrix","October 2, 2021",,,,
Yes,Stat 302 Practice problems for chapters 1-3,"October 2, 2021",,,,
Yes,Do the DSCI100 Lecture worksheet,"October 4, 2021",,,,
Yes,121 Assignment 1,"October 5, 2021",,,,
Yes,Go through the 221 examlet review,"October 5, 2021",,,,
Yes,Grind Practice problems for 302,"October 5, 2021",,,,
Yes,Find chapters I need to review,"October 6, 2021",,,,
Yes,221: Read and take notes on this week's slides,"October 7, 2021",,,,
Yes,MATH307: Homework 2 attempt 1,"October 8, 2021",,,,
Yes,"Look at bird VPN password manager ","October 9, 2021",,,,
Yes,Go over Chapter 2,"October 10, 2021",,,,
Yes,Organise a study time for guys > forest after sundown???,"October 10, 2021",,,,
Yes,121 Quiz A,"October 10, 2021",,,,
Yes,"CPSC1212 Read: Epp, 4th/5th edition: 3.1, 3.3.","October 10, 2021",,,,
Yes,Look at DSCI100 practice questions,"October 10, 2021",,,,
Yes,"302: WW2 Look at first question ","October 11, 2021",,,,
Yes,221: read and take notes on upcoming week of slides,"October 11, 2021",,,,
Yes,121 practice midterms,"October 11, 2021",,,,
Yes,STAT302: Look at Webwork 2,"October 11, 2021",,,,
Yes,"307: Do some of the recommended exercises for interpolation ","October 11, 2021",,,,
Yes,"Go over the last parts of 307 before the midterm ","October 12, 2021",,,,
Yes,Grind the CPSC221 PA1,"October 13, 2021",,,,
Yes,Find what needs to be studied for next week,"October 14, 2021",,,,
Yes,Finish the DSCI100 worksheet w/ the answers,"October 14, 2021",,,,
Yes,Put my Goals into the document,"October 14, 2021",,,,
Yes,221: Grind the PA1,"October 14, 2021",,,,
Yes,Go though 2021 Data w/ VBA script,"October 14, 2021",,,,
Yes,Chapter 3 study + Quizlet,"October 14, 2021",,,,
Yes,"Ask around the lit groups for two presentations ","October 15, 2021",,,,
Yes,Give out roles for what people can summarize on for ch 3,"October 15, 2021",,,,
Yes,Text Sebastian about things - lit & condolences,"October 15, 2021",,,,
Yes,STAT302 HW2,"October 15, 2021",,,,
Yes,302 Read: 4.7 to 4.9,"October 15, 2021",,,,
Yes,PA1 221,"October 16, 2021",,,,
Yes,"Pick one of the essays and write a summary of it on the doc, then text the gc to get people to do the other ones","October 16, 2021",,,,
Yes,Laundry,"October 16, 2021",,,,
Yes,Look at homework 2 for 221,"October 16, 2021",,,,
Yes,121 Study: 6.1 up to (but not including) the part titled Partition of Sets.,"October 17, 2021",,,,
Yes,"121 Quiz A ","October 17, 2021",,,,
Yes,"Fix overlap delays, get my estimate number when there is overlap, if my_total < sum(all valid delays) then use the sum","October 17, 2021",,,,
Yes,Cook breakfasts for livin,"October 17, 2021",,,,
Yes,Get all stuff together for live in,"October 17, 2021",,,,
Yes,Filter for only Covid Family Medical Responsibilities,"October 17, 2021",,,,
Yes,221 Examlet practice,"October 18, 2021","October 22, 2021",,,
Yes,Ch 4 Quizlet,"October 18, 2021",,,,
Yes,Check if Seb is ok,"October 18, 2021",,,,
Yes,Ch3 Quizlet,"October 18, 2021",,,,
Yes,First part of dsci100 tutorial,"October 19, 2021","October 21, 2021",,,
Yes,307 PA2: Q1,"October 19, 2021","October 22, 2021",,,
Yes,121 prelab,"October 19, 2021",,,,
Yes,Look at 221 Slides & Take Notes for week 7,"October 19, 2021",,,,
Yes,Sort through all other delay types for family medical,"October 19, 2021",,,,
Yes,Sarah BILAT: 9AM ask about the scope of the delays she wants changed: Only Covid FAMILY or also covid Medical?,"October 19, 2021",,,,
Yes,"307 Read: Orthogonal projection, Gram-Schmidt algorithm, projection matrices, Projection Theorem, orthogonal matrices, QR de-composition by Gram-Schmidt algorithm, QR decomposition by elementary reflectors","October 19, 2021",,,,
Yes,"307: Least squares approximation, solution by normal equations and QR decomposition, fitting models to data","October 20, 2021",,,,
Yes,100: Lecture sheet,"October 23, 2021","October 23, 2021",,,
Yes,Look into what needs to be done for upcoming week,"October 23, 2021",,,,
Yes,121 Quiz 7,"October 24, 2021","October 25, 2021",,,
Yes,Look into DSCI100 due dates,"October 24, 2021",,,,
Yes,Read through all of chapter 5 & 6 → highlight important parts,"October 24, 2021",,,,
Yes,Look into library booking → set an alarm,"October 24, 2021",,,,
Yes,Add midterms and exams to Notion,"October 25, 2021",,,,
Yes,Find a lecture hall to use on Wednesday for studying,"October 25, 2021",,,,
Yes,Make Chapter 5 & 6 Quizlets,"October 25, 2021",,,,
Yes,221: Go over slides for week 7 & 8,"October 26, 2021",,,,
Yes,Call the vaccine people,"October 26, 2021",,,,
Yes,"Go and take notes on all previous weeks (W1,2,3,5) of 221 slides ","October 26, 2021",,,,
Yes,MATH307 HW3: Q1,"October 28, 2021","October 29, 2021",,,
Yes,Post study times to FB,"October 28, 2021",,,,
Yes,Send out academic support messages and ask if anyone is willing to give me their CWL so I can make bookings for library spaces,"October 28, 2021",,,,
Yes,See if I got an email about returning → follow up,"October 28, 2021",,,,
Yes,Book plane tickets,"October 28, 2021",,,,
Yes,302: 6.4,"October 28, 2021",,,,
Yes,Send email to SC about returning equipment → or send direct to that guy?,"October 30, 2021",,,,
Yes,do quick analysis on duration ranges to see what bucket's to construct,"October 30, 2021",,,,
Yes,look at campbell training slides,"October 30, 2021",,,,
Yes,Go through and look at 'missing' delays,"October 30, 2021",,,,
Yes,Look into Anki → set up an ADP account for syncing??,"October 31, 2021",,,,
Yes,121 Material for the Quiz,"October 31, 2021",,,,
Yes,"302: 5.1, 5.2, 5.3","October 31, 2021",,,,
Yes,221 Week 9 Material,"October 31, 2021",,,,
Yes,"307: Eigenvalues and eigenvectors, characteristic polynomial, diagonalization, symmetric matrices, orthogonal diagonalization, Spectral Theorem","October 31, 2021",,,,
Yes,Check in with people about the quizzes,"November 1, 2021",,,,
Yes,Book library session w/ Duy's thing for late on tuesday,"November 2, 2021",,,,
Yes,Look over next few assignments to see what's up,"November 2, 2021",,,,
Yes,Text Adam about house. Pay the house fee,"November 2, 2021",,,,
Yes,Make sure to book rooms for Tuesday,"November 2, 2021",,,,
Yes,Look though and find 3 actives and 3 alumni to send emails to → send the emails,"November 2, 2021",,,,
Yes,"Write & send the email for one or two Alumni ","November 3, 2021",,,,
Yes,find times to schedule coffee chats → send emails,"November 3, 2021",,,,
Yes,Get international delay policy information → make it presentable → send to Sarah,"November 4, 2021",,,,
Yes,"Look into pay roll things ","November 4, 2021",,,,
Yes,Pay res fees,"November 5, 2021",,,,
Yes,"221 Previous week's material ","November 7, 2021",,,,
Yes,"307: Singular value decomposition, statement and proof, corollaries and examples","November 7, 2021",,,,
Yes,"302: 5.5, 5.5.1, 5.4","November 7, 2021",,,,
Yes,221 Video lectures for the week,"November 9, 2021",,,,
Yes,"100 Go over slides ","November 10, 2021",,,,
Yes,121 go over notes + text book examples,"November 10, 2021",,,,
Yes,Send emails to actives again,"November 10, 2021",,,,
Yes,Find study material for CPSC121 and MATH307 midterms on nov 17th,"November 10, 2021",,,,
Yes,"302-integration review ","November 11, 2021",,,,
Yes,Make Facebook post,"November 11, 2021",,,,
Yes,"121 Review: Regex & Circuits (the complex pieces) ","November 11, 2021",,,,
Yes,Read through chapter quizlets,"November 11, 2021",,,,
Yes,"121 Go over solutions to 2020 Practice Midterm ","November 11, 2021",,,,
Yes,grind ethan's practice exam,"November 11, 2021",,,,
Yes,"write up summaries of essays ","November 11, 2021",,,,
Yes,Text Ahmed about essay questions → song lyrics? History? Opinion prices? Related to ch 7?,"November 12, 2021",,,,
Yes,Reach out to everyone to see if they have 221 assingments and lab,"November 12, 2021",,,,
Yes,Send out text messages to actives to get coffee chats in,"November 12, 2021",,,,
Yes,100 Quiz 2 example,"November 12, 2021",,,,
Yes,"Email thanks to Ryan, Angus award 2005-2006??","November 13, 2021",,,,
Yes,DSCI100 → Go through relevant tutorials and worksheets again,"November 13, 2021",,,,
Yes,"121 Practice midterm 2019 → go over solutions ","November 13, 2021",,,,
Yes,302 go over notes + text book examples | ch 5-3 onwards,"November 13, 2021",,,,
Yes,ADP Write paragraphs for people,"November 14, 2021",,,,
Yes,"ADP: go through missed questions ","November 14, 2021",,,,
Yes,Message all pledge bros about how they feel,"November 14, 2021",,,,
Yes,DSCI100 make sure you understand how to use git hub here,"November 14, 2021",,,,
Yes,"121 Quiz material ","November 14, 2021",,,,
Yes,"Text Julia Kim ","November 15, 2021",,,,
Yes,"Text Amanda ","November 15, 2021",,,,
Yes,Memorise: Awards,"November 15, 2021",,,,
Yes,"307: FIND MT1 Solutions, Go over Midterm #1 and see what went wrong","November 15, 2021",,,,
Yes,307 - go over lectures (Nov 3),"November 15, 2021",,,,
Yes,307 - practice exam,"November 15, 2021",,,,
Yes,100: Tutorial Sheet,"November 16, 2021","November 18, 2021 3:30 PM (PST)",,,
Yes,221:  find out what double hashing is,"November 18, 2021",,,,
Yes,302 7.5 7.7,"November 18, 2021",,,,
Yes,Vaccination record for NSERC,"November 18, 2021",,,,
Yes,Send email to the guys about the equipment,"November 18, 2021",,,,
Yes,Go through and check budget,"November 18, 2021",,,,
Yes,"302 Go through problems Q 6,7,&8 on the finals","November 18, 2021",,,,
Yes,Create covid filters (just the ones that don't have non covid equivalent)  → make verification thing (could use COUNTIFS()>0) → Go through the remaining words,"November 18, 2021",,,,
Yes,100: worksheet,"November 19, 2021","November 20, 2021",,,
Yes,Book comsci221 exam before Dec-17-12pm,"November 22, 2021",,,,
Yes,send meeting invt to Sarah for the tutorial on VBA script,"November 23, 2021",,,,
Yes,send invite for presentation on second,"November 23, 2021",,,,
Yes,100 find when make up quiz is,"November 23, 2021",,,,
Yes,DSCI100 previous worksheet,"November 25, 2021",,,,
Yes,221 Lab Hash,"November 28, 2021","November 28, 2021",,,
Yes,"121 Quiz ","November 28, 2021","November 29, 2021",,,
Yes,Write email to math307 people and send at 8 am,"November 28, 2021",,,,
Yes,Write goals for upcoming (write in form of todo items),"November 28, 2021",,,,
Yes,Presentation on VBA script for tuesday,"November 30, 2021","November 30, 2021",,,
Yes,121 Prelab,"November 30, 2021","December 1, 2021",,,
Yes,Send meeting invite for exit interview,"November 30, 2021",,,,
Yes,TED Food move → apply for it,"November 30, 2021",,,,
Yes,"Go and take suit to dry cleaners → ask Jackson again? ","November 30, 2021",,,,
Yes,Send text to dsci100 people,"November 30, 2021",,,,
Yes,look and send email about work schedule during exam season,"November 30, 2021",,,,
Yes,Look at EG sheets for 2021,"November 30, 2021",,,,
Yes,Make sure email sent,"December 1, 2021",,,,
Yes,Look into introduction of project,"December 1, 2021",,,,
Yes,Send email to people for EG sheets,"December 1, 2021",,,,
Yes,Submit leave of absence through My GCHR,"December 1, 2021",,,,
Yes,Sort out NSERC emails,"December 2, 2021",,,,
Yes,302 8.4 8.5,"December 2, 2021",,,,
Yes,Start stat302 ww w/ Ahnaf,"December 4, 2021",,,,
Yes,Do the Xaipe registration,"December 6, 2021",,,,
Yes,121 Lab 7,"December 6, 2021",,,,
Yes,Add the VBA showcase to the team meeting doc,"December 7, 2021",,,,
Yes,307 HW5,"December 8, 2021","December 8, 2021",,,
Yes,"221 PA3 ","December 8, 2021","December 10, 2021",,,
Yes,Find all the study material and add it into the clendar,"December 8, 2021",,,,
Yes,307: Frequency & Convolution,"December 8, 2021",,,,
Yes,221 HW3 - Check over answers with someone? or Just submit and hope,"December 11, 2021","December 10, 2021",,,
Yes,307: go though 221 notes for lin alg,"December 11, 2021",,,,
Yes,Ask mum when we'll be in Ottawa,"December 11, 2021",,,,
Yes,307: Practice final (first go over both midterms and look through answers for what they're looking for),"December 11, 2021",,,,
Yes,307: Create Formula Sheet while going over all notes,"December 11, 2021",,,,
Yes,302: Create formula sheet while reviewing all notes,"December 11, 2021",,,,
Yes,302: Practice finals 700 7PM 11AM,"December 11, 2021",,,,
Yes,302 - Lectures on moment generating fuctions,"December 11, 2021",,,,
Yes,307 Lectures since 12th,"December 11, 2021",,,,
Yes,302 EXAM,"December 12, 2021","December 12, 2021",,,
Yes,221 Lectures since Nov 29th,"December 12, 2021",,,,
Yes,Get the gift card for food,"December 13, 2021",,,,
Yes,"221 Review questions from all sections ","December 13, 2021",,,,
Yes,307 EXAM,"December 14, 2021","December 14, 2021",,,
Yes,221 EXAM,"December 15, 2021","December 15, 2021",,,
Yes,100 EXAM,"December 15, 2021","December 15, 2021",,,
Yes,121 EXAM,"December 21, 2021","December 21, 2021",,,
Yes,121 Figure out study times,"December 21, 2021",,,,
Yes,Pay Jan res fees,"December 27, 2021",,,,
Yes,"Do budget things ","December 27, 2021",,,,
Yes,See what's needs to be done for Whistler,"December 28, 2021",,,,
Yes,Go shopping for boots and gloves,"January 3, 2022",,,,
Yes,Look at skis on plane,"January 4, 2022",,,,
Yes,"Take plane ticket money out of savings ","January 4, 2022",,,,
Yes,"Winter Classic tickets ","January 4, 2022",,,,
Yes,Switch courses?,"January 4, 2022",,,,
Yes,Get plane ticket money from mum and plug all that into the spreadsheet and RBC,"January 5, 2022",,,,
Yes,"Uninstall waste of time apps: insta, youtube, tiktok - Look at books on phone ","January 5, 2022",,,,
Yes,Get Skis??,"January 6, 2022",,,,
Yes,create reading list NOTION,"January 10, 2022",,,,
Yes,Start figuring out what to do for self-dev,"January 10, 2022",,,,
Yes,Look at NSERC emails,"January 10, 2022",,,,
Yes,Look into UPSWING poker and set a 30 day moneyback thing,"January 11, 2022",,,,
Yes,Msg Sky about shoes,"January 12, 2022",,,,
Yes,Call no frills about stock levels,"January 12, 2022",,,,
Yes,Go and make notes for this week & plan out notes for next week,"January 12, 2022",,,,
Yes,"213: 1, 2.1-2.3, 2.4.1-2.4.3","January 17, 2022",,,,
Yes,WRDS150: Reading 1 reflection,"January 18, 2022","January 19, 2022",,,
Yes,WRDS150: Reading response to article 1 → review answer and throw in the wikipedia link / citation,"January 18, 2022","January 19, 2022",,,
Yes,Create the disc server and come up with a “feature” list,"January 23, 2022",,,,
Yes,book rooms for the upcoming week and make the post on AC,"January 23, 2022",,,,
Yes,Make an order form for doing the event page orders to the medial chair,"January 23, 2022",,,,
Yes,306 Lectures from Jan 20,"January 24, 2022",,,,
Yes,303 Lectures from Jan 28 + pre lecture notes from #9,"January 24, 2022",,,,
Yes,Go through article 2 for 150 - & write out answer for q3,"January 25, 2022",,,,
Yes,"213 Labs 1 2 ","January 25, 2022",,,,
Yes,Call grandparents,"January 25, 2022",,,,
Yes,Update resume,"January 25, 2022",,,,
Yes,306 lab,"January 26, 2022","January 28, 2022",,,
Yes,MATH303: HW2,"January 26, 2022","January 28, 2022",,,
Yes,New business - discord for organizing instead of 70 different FB groups,"January 26, 2022",,,,
Yes,"Go buy groceries ","January 26, 2022",,,,
Yes,write out answer 3 to the on article 2,"January 28, 2022",,,,
Yes,Go over 213 1c readings,"January 31, 2022",,,,
Yes,"Get lit comp dates & what not sorted ","February 1, 2022",,,,
Yes,amine tickets,"February 2, 2022",,,,
Yes,Vacuum room & take down trash,"February 2, 2022",,,,
Yes,Make post about lit competition,"February 3, 2022",,,,
Yes,303 Lecture 2nd & video 11,"February 3, 2022",,,,
Yes,150 Article 3 Summary - editing,"February 8, 2022","February 8, 2022",,,
Yes,213 Quiz 2 - REDO,"February 8, 2022","February 8, 2022",,,
Yes,CPSC213: ASGN3,"February 8, 2022","February 8, 2022",,,
Yes,Group project 4,"February 12, 2022","February 13, 2022",,,
Yes,306 PC: Estimator Properties onwards,"February 13, 2022",,,,
Yes,303 Lecture Recordings 9th,"February 14, 2022",,,,
Yes,Msg entrepreneur course ppl,"February 14, 2022",,,,
Yes,"2131d reading ","February 15, 2022",,,,
Yes,Study for 213 Quiz,"February 15, 2022",,,,
Yes,Book eye appointment,"February 15, 2022",,,,
Yes,"Get Toma & Batts to sign me in and correct Logan's thing at meeting ","February 16, 2022",,,,
Yes,Figure out 150 research project - look again for sources / maybe hop on something else,"February 16, 2022",,,,
Yes,Email wrds 150 prof for confirmation of RQ,"February 21, 2022",,,,
Yes,Go over 213 material Monday to prep for assignment on Tuesday,"February 21, 2022",,,,
Yes,Set up lockdown app & ideal sleep schedule,"February 24, 2022",,,,
Yes,Pay res fees,"February 25, 2022",,,,
Yes,Email housing people begging for extension,"February 27, 2022",,,,
Yes,Study for the stats exam on Sunday,"February 27, 2022",,,,
Yes,213 Slides for e,"February 27, 2022",,,,
Yes,"Go over 213 labs & answers ","February 28, 2022",,,,
Yes,"Go over 303 Midterm ","February 28, 2022",,,,
Yes,"Review coop application ","March 2, 2022",,,,
Yes,Get covid test kits,"March 2, 2022",,,,
Yes,look into these stacks again,"March 3, 2022",,,,
Yes,"Start the next 213 assignment ","March 7, 2022",,,,
Yes,Move all notes and what not to google drive,"March 9, 2022",,,,
Yes,Send mum quest trade T4 and UBC T4 for taxes,"March 10, 2022",,,,
Yes,Review resume before sending it out to Ted,"March 10, 2022",,,,
Yes,"Put Monday's 303 notes into notes via Google drive ","March 10, 2022",,,,
Yes,get ted to review my resume,"March 10, 2022",,,,
Yes,Create Study Plan,"March 14, 2022",,,,
Yes,post housing offer in Gal Chat,"March 15, 2022",,,,
Yes,303 Go over starred ch5 problems and solutions,"March 16, 2022",,,,
Yes,303 - Review Chapter 5.3.3 and onwards & start of 6,"March 16, 2022",,,,
Yes,303 Solutions to practice midterm,"March 17, 2022",,,,
Yes,303: Questions for office hours on Friday?,"March 17, 2022",,,,
Yes,fix phone lock to only be on when I am at / around exchange,"March 18, 2022",,,,
Yes,150 Go over people’s presentations,"March 21, 2022",,,,
Yes,Review 2a for 213,"March 21, 2022",,,,
Yes,213 2b read over notes,"March 21, 2022",,,,
Yes,150 Article 6,"March 21, 2022",,,,
Yes,PLAN OUT STUDYING,"March 22, 2022",,,,
Yes,306 Review Transformations & Interactions pencasts,"March 25, 2022",,,,
Yes,"Book plane tickets ","March 26, 2022",,,,
Yes,150 - hack together an outline & some citation,"March 26, 2022",,,,
Yes,look at final paper requirements,"March 26, 2022",,,,
Yes,Find a few more sources (look through gathered ones),"March 26, 2022",,,,
Yes,Go and create a concrete study plan for each course & final,"March 26, 2022",,,,
Yes,"306 review last week's class notes & assignments ","March 28, 2022",,,,
Yes,213 Review → notes for first sections,"March 28, 2022",,,,
Yes,Write in additional stuff for 306,"April 6, 2022",,,,
Yes,Msg jsb about Addy,"April 7, 2022",,,,
Yes,Msg Omar about lunch,"April 7, 2022",,,,
Yes,150 Read potential new sources,"April 10, 2022",,,,
Yes,Buy Shopify,"April 11, 2022",,,,
Yes,Invest in crypto,"April 11, 2022",,,,
Yes,Begin planning summer >:),"April 14, 2022",,,,
Yes,"Text Tiff list of things to prep for acid - music glasses, a place to go for food in mind, places on campus","April 14, 2022",,,,
Yes,Check on minors and cs app,"April 14, 2022",,,,
Yes,303 Catch up on notes: ch6,"April 17, 2022",,,,
Yes,303: go over exam solutions (both sections for both midterms),"April 19, 2022",,,,
Yes,"Go & do MT2 for 303 ","April 19, 2022",,,,
Yes,"303: go over HW 6 7 8 9 ","April 19, 2022",,,,
Yes,"306 Continue getting formula from lecture 19 ","April 19, 2022",,,,
Yes,Apply to CS,"April 19, 2022",,,,
Yes,303: do practice finals,"April 20, 2022",,,,
Yes,"303: go over HW and find what mistakes I made ","April 20, 2022",,,,
Yes,303: Get a formula sheet,"April 20, 2022",,,,
Yes,Figure day for fire next week & create GC,"April 20, 2022",,,,
Yes,303: do practice midterm 2,"April 20, 2022",,,,
Yes,306: create formula sheet,"April 21, 2022",,,,
Yes,306: go over PCA in Lec 20 to make sure we understand it,"April 21, 2022",,,,
Yes,"213: go over all lecture notes again & review ","April 21, 2022",,,,
Yes,"306 practice final ","April 21, 2022",,,,
Yes,Look at variance stabilizing transformations from lecture 16 again 306,"April 21, 2022",,,,
Yes,Re go over 306 lecture 15 train/test method - unsure of some of the words in the slides probably not super important,"April 21, 2022",,,,
Yes,306 Midterm review,"April 21, 2022",,,,
Yes,Plan out poker studying / traveling / budget,"April 23, 2022",,,,
Yes,Buy calendar party tickets,"April 25, 2022",,,,
Yes,"Call student advising about forms for combined majors ","April 25, 2022",,,,
Yes,"Budget catch up ","May 2, 2022",,,,
Yes,message AD Tor and Mem,"May 10, 2022",,,,
Yes,Apply to COMM minor before May 15th,"May 10, 2022",,,,
Yes,Plan the traveling for summer: Toronto Mtl,"May 18, 2022",,,,
Yes,pay res fees,"May 23, 2022",,,,
Yes,Find place to go w/ Max,"May 23, 2022",,,,
Yes,Review 6 handed poker (ranges),"May 24, 2022",,,,
Yes,"book travels: Toronto to Van, Van to Ottawa","May 26, 2022",,,,
Yes,look into fixing battery in laptop,"May 26, 2022",,,,
Yes,Look at booking G2 test,"May 26, 2022",,,,
Yes,Look into how liquidity pools work,"May 28, 2022",,,,
Yes,"Book a G2 test if it makes sense ","May 29, 2022",,,,
Yes,look at transferring to BC licence,"May 29, 2022",,,,
Yes,Read over stats assignment requirement,"May 31, 2022",,,,
Yes,"Look through all the investor material I was sent ","June 1, 2022",,,,
Yes,study hands and 3 bet oportunities: wait for 5k hands,"June 6, 2022",,,,
Yes,go through compound docs,"June 8, 2022",,,,
Yes,"Order lifting straps ","June 9, 2022",,,,
Yes,Theorize parameters for simulation & numbers to research for industry on train,"June 13, 2022",,,,
Yes,"Check over news letters and presentations, I should make them.","June 14, 2022",,,,
Yes,Go over courses for the fall,"June 15, 2022",,,,
Yes,DSP,"June 15, 2022",,,,
Yes,"See what’s up with next stats exam. ","June 15, 2022",,,,
Yes,"If he hasn’t messaged back, get back in contact w/ Toronto AD to see about possibility of crashing at theirs for the weekend","June 16, 2022",,,,
Yes,Apply to fall 2022 rbc program to see what it’s like → take notes for the next one,"June 16, 2022",,,,
Yes,Get down on investments,"June 16, 2022",,,,
Yes,q3 scholarship: get questions,"June 22, 2022",,,,
Yes,"UZ: pitch slides ","June 22, 2022",,,,
Yes,Put 210 project on github,"June 24, 2022",,,,
Yes,Make amazon order,"June 28, 2022",,,,
Yes,"High fidelity ear plugs ","June 28, 2022",,,,
Yes,"Review Course Availability ","June 29, 2022",,,,
Yes,Uber price data collection,"July 1, 2022",,,,
Yes,"Deep clean room ","July 5, 2022",,,,
Yes,"Text adma and George about housing ","July 5, 2022",,,,
Yes,Go over assignments 3 4 5 & practice exam,"July 10, 2022",,,,
Yes,"Begin looking into uber expense reports ","July 18, 2022",,,,
Yes,Try to change poker address again,"July 26, 2022",,,,
Yes,loook at cpsc 304 320,"July 27, 2022",,,,
Yes,"Gym dance/flow playlist ","August 15, 2022",,,,
Yes,Plan out timeline and goals for sep-apr to present to the boys,"August 16, 2022",,,,
Yes,Canada Trudeau pledge money for public cam,"August 17, 2022",,,,
Yes,ticket links,"August 18, 2022",,,,
Yes,"Serving it right licence ","August 20, 2022",,,,
Yes,Packing list,"August 21, 2022","August 23, 2022",,,
Yes,Revise Resume and Write a Cover letter,"August 21, 2022",,,,
Yes,Book Mock Interview,"August 22, 2022",,,,
Yes,Post tropics thing w/ link on insta story,"August 23, 2022",,,,
Yes,Room,"August 26, 2022",,,,
Yes,Online training for Browns,"August 30, 2022",,,,
Yes,See if fitness passes are available for purchase,"August 31, 2022",,,,
Yes,MATH344,"September 1, 2022","December 16, 2022",,,
Yes,STAT201,"September 1, 2022","December 17, 2022",,,
Yes,COMR473,"September 1, 2022","December 19, 2022",,,
Yes,COMR457,"September 1, 2022","December 20, 2022",,,
Yes,COMR329,"September 1, 2022","December 21, 2022",,,
Yes,Fill out browns paperwork and print out,"September 3, 2022",,,,
Yes,"Pay res-fees, September rent and Tuition","September 3, 2022",,,,
Yes,Events around BC,"September 4, 2022",,,,
Yes,"Begin interview training plan: leetcode, projects etc","September 4, 2022",,,,
Yes,"Youtube Channel ","September 4, 2022",,,,
Yes,Generate Wealth and Value,"September 4, 2022",,,,
Yes,Heat register/vent adjustment or cut heat register into duct,"September 4, 2022",,,,
Yes,"Register for ubc kickboxing ","September 14, 2022 5:00 PM (PDT)",,,,
Yes,"register for ubc Muay Thai free week ","September 14, 2022 6:00 PM (PDT)",,,,
Yes,"Sort out textbook ","September 18, 2022",,,,
Yes,Check Xanadu residency,"November 7, 2022",,,,
Yes,Look at IXperience to see if it’s open,"November 24, 2022",,,,
Yes,Go to bank and sort it out,"November 28, 2022",,,,
Yes,"Write out all steps to basic stats analysis ","December 1, 2022",,,,
Yes,AirOps,"January 3, 2023",,,,
Yes,Chuzu,"January 8, 2023",,,,
Yes,"Do event breakdown of budget ","January 26, 2023",,,,
Yes,"Sort out payments to everyone: gary, nikolai, nick","February 1, 2023",,,,
Yes,Move all files to TOMA’s drive,"February 4, 2023",,,,
Yes,ADP Treasurer,"February 15, 2023",,,,
Yes,Poker Learning,"April 6, 2023",,,,
Yes,Change up resume,"April 7, 2023",,,,
Yes,Refine pitch slides,"April 7, 2023",,,,
Yes,draft up onboarding documents,"April 7, 2023",,,,
Yes,"Draft up preliminary legal documents: NDA, employee contracts","April 7, 2023",,,,
Yes,Graph % cut-off by position,"April 7, 2023",,,,
Yes,Become familiar with upswing poker ranges,"April 7, 2023",,,,
Yes,Send out messages today,"April 9, 2023",,,,
Yes,Schedule meeting with bank,"April 9, 2023",,,,
Yes,Email Scott,"April 9, 2023",,,,
Yes,Take 1h to actually plan out what I want to push for with this company → I wll have to be the one to get this project on track & actually happening,"April 9, 2023",,,,
Yes,Ask around old exec members about databases of alumni,"April 9, 2023",,,,
Yes,Send dad the recipts from meds,"April 10, 2023",,,,
Yes,Schedule another clarification meeting with them,"April 10, 2023",,,,
Yes,Begin filling out registration documents,"April 10, 2023",,,,
Yes,"Check in on name request form ","April 10, 2023",,,,
Yes,Send out reimbursements,"April 10, 2023",,,,
Yes,Double check the booking tab in EDGE,"April 11, 2023",,,,
Yes,Lulu applications on indeed due tonight,"April 11, 2023",,,,
Yes,prepare agm meeting slides,"April 11, 2023",,,,
Yes,Investigate pricing of “OurHouse” for frat,"April 12, 2023",,,,
Yes,Text OurHouse People back,"April 16, 2023",,,,
Yes,Think about questions for Gal interview,"April 16, 2023",,,,
Yes,Go over CZ tasks,"April 16, 2023",,,,
Yes,Reformat CZ Agreements to be specific to us,"April 16, 2023",,,,
Yes,Do stock breakdown and comunity transfer plan (inc in registration docs),"April 16, 2023",,,,
Yes,Find competitions that are in industry and run throughout year - also contact NIBC dude from the Gal,"April 16, 2023",,,,
Yes,Take $ out of QT,"April 17, 2023",,,,
Yes,Give $ to Ahmed,"April 18, 2023",,,,
Yes,Combine all data projects into one repository,"April 18, 2023",,,,
Yes,Write up # of shares & begin filling out application details,"April 18, 2023",,,,
Yes,Prepare for meeting with Scott,"April 18, 2023",,,,
Yes,Email Scott to be a referference,"April 18, 2023",,,,
Yes,Begin reaching out to potential investors,"April 18, 2023",,,,
Yes,Chuzu registration docs filled out,"April 18, 2023",,,,
Yes,Develop better financial model Get better numbers for insurance and payment fees,"April 18, 2023",,,,
Yes,Set up pinger in my room again,"April 18, 2023",,,,
Yes,Apply to summer positions,"April 19, 2023",,,,
Yes,etf mo $65,"April 20, 2023",,,,
Yes,"Grant + funding database ","April 20, 2023",,,,
Yes,Scope out ADP,"April 21, 2023",,,,
Yes,,"April 25, 2023",,,,
Yes,Scope Out Taxes - log into all accounts & see what needs to be done,"April 25, 2023",,,,
Yes,Write out agenda for ADnp,"April 26, 2023",,,,
Yes,Consolodate data,"April 26, 2023",,,,
Yes,"School forms ","April 26, 2023",,,,
Yes,Questrade Forms,"April 26, 2023",,,,
Yes,Review all of Journal & write about it for 2h,"April 29, 2023",,,,
Yes,"Create messaging system ","May 1, 2023",,,,
Yes,Register for CRA direct deposit,"May 1, 2023",,,,
Yes,Do first fill out of legal documents,"May 1, 2023",,,,
Yes,Taxes - file,"May 1, 2023",,,,
Yes,Finalize legal docs,"May 1, 2023",,,,
Yes,Send out messages + plan summer payment plan on Airtable,"May 1, 2023",,,,
Yes,Reconcile treasury (Find exactly how much I owe),"May 1, 2023",,,,
Yes,Finish application,"May 1, 2023",,,,
Yes,Send out agreement to them tonight,"May 2, 2023",,,,
Yes,Finalize Shares,"May 2, 2023",,,,
Yes,Begin Messaging people for security,"May 2, 2023",,,,
Yes,"Review funding sources & begin writing out requirements ","May 2, 2023",,,,
Yes,Go through BC small business checklist and create a todo list,"May 2, 2023",,,,
Yes,Apply to ADP scholar ship → fill in some nonsense,"May 3, 2023",,,,
Yes,"Have dego and Ahnaf sign the agreement ","May 3, 2023",,,,
Yes,Schedule All Meetings leading into the party,"May 3, 2023",,,,
Yes,Message people and begin adding them to a group chat,"May 3, 2023",,,,
Yes,Get list of question’s for Tommy,"May 4, 2023",,,,
Yes,"Create Jobs List and Tasks ","May 4, 2023",,,,
Yes,"Kaggle Comp - https://www.kaggle.com/competitions/benetech-making-graphs-accessible/data ","May 4, 2023",,,,
Yes,TEST IFTTT,"May 6, 2023",,,,
Yes,Add in other sections to incorporating agreement,"May 6, 2023",,,,
Yes,Go over all meeting notes with the boys,"May 8, 2023",,,,
Yes,Have contacted everyone for first party,"May 8, 2023",,,,
Yes,Confirm “employee contract” with everyone,"May 8, 2023",,,,
Yes,Go over onboarding for Gal,"May 8, 2023",,,,
Yes,Email coop,"May 8, 2023",,,,
Yes,Print out resumes,"May 8, 2023",,,,
Yes,"Expense page ","May 9, 2023",,,,
Yes,Do onboarding tasks for Gal,"May 9, 2023",,,,
Yes,Test 123,"May 11, 2023",,,,
Yes,Te,"May 11, 2023",,,,
Yes,Test,"May 11, 2023",,,,
Yes,TEST,"May 11, 2023",,,,
Yes,"Sort out personal financials ","May 11, 2023",,,,
Yes,TEST 123,"May 11, 2023",,,,
Yes,de,"May 17, 2023",,,,
Yes,Search for Evan’s Payment,"May 17, 2023",,,,
Yes,Send out 2 week reminder + payment info to whole chapter,"May 17, 2023",,,,
Yes,Sign up for E@UBC,"May 19, 2023",,,,
Yes,Deposit cheques,"May 19, 2023",,,,
Yes,Finish website,"May 19, 2023",,,,
Yes,"Send stand up update ","May 19, 2023",,,,
Yes,"Pay for school ","May 21, 2023",,,,
Yes,Talk to drew about legal / marketing guy,"May 21, 2023",,,,
Yes,ADP: Begin Creating Projections for Next Yeaer,"May 21, 2023",,,,
Yes,Email coop,"May 22, 2023",,,,
Yes,BCeID,"May 22, 2023",,,,
Yes,Sort out Gal paycheques,"May 23, 2023",,,,
Yes,"Send out history of budgets and see what people want ","May 23, 2023",,,,
Yes,Send out 1 week reminder + alert people for early bird prices,"May 24, 2023",,,,
Yes,Change phone number,"May 29, 2023",,,,
Yes,Continue Apply to adp scholarship http://alphadelt.ca/scholarship?fbclid=IwAR1iDNtETzAqsoU-0SjGQ4hmAtX65a4uiqfffkiSDmTQ4qE03FT8trLgRdE,"June 5, 2023",,,,
Yes,"Machine hack competition check ","June 5, 2023",,,,
Yes," Bring up new post that gets archived again","June 13, 2023","June 6, 2023",,,
Yes,Check when speaker rental expire,"June 13, 2023",,,,
Yes,Buy Osheaga Tickets,"June 13, 2023",,,,
Yes,"Create cheatsheet for how to win friends and influence people ","June 13, 2023",,,,
Yes,Send email to science advising about what to do for course registration,"June 13, 2023",,,,
Yes,"Create  worklist for courses in the Fall ","June 13, 2023",,,,
Yes,Pay school fees & see what’s up with course registration,"June 13, 2023",,,,
Yes,Write out more formal offer to security & send  out over text,"June 13, 2023",,,,
Yes,Decide if we want to run one on Friday,"June 13, 2023",,,,
Yes,"Retie running shoes ","June 13, 2023",,,,
Yes,Wash sheets,"June 13, 2023",,,,
Yes,Send Vik his $ back for ACF,"June 13, 2023",,,,
Yes,Look into YCombinator: Safe,"June 13, 2023",,,,
Yes,Find transit minister of Vancouver,"June 13, 2023",,,,
Yes,Write out instructions for being a corp → filings etc,"June 13, 2023",,,,
Yes,"Find other busaries / grants for students ","June 13, 2023",,,,
Yes,Conctact Dev about speakers for doublin affair pre,"June 15, 2023",,,,
Yes,Send out job offer to any security people for next saturday,"June 15, 2023",,,,
Yes,Search through ADP instagram for rugby dudes,"June 15, 2023",,,,
Yes,research and apply for transit licences,"June 15, 2023",,,,
Yes,Send out message,"June 15, 2023",,,,
Yes,"Send eshan my serving it right ","June 16, 2023",,,,
Yes,Begin promoting next saturday,"June 16, 2023",,,,
Yes,"cancel the burner subscription ","June 16, 2023",,,,
Yes,"Book Granville appointment ","June 21, 2023",,,,
Yes,"Bring David a UBC athletics shirt ","June 22, 2023",,,,
Yes,Redo goals section of Notion,"June 26, 2023",,,,
Yes,Cut hair,"June 26, 2023",,,,
Yes,Figure out $ situation in spreadsheet for the summer,"June 27, 2023",,,,
Yes,"Draft up that email to the Triumf guy ","June 28, 2023",,,,
Yes,Send messages to officers reminding about budgets,"June 28, 2023",,,,
Yes,Call NRC / IRAP,"June 30, 2023",,,,
Yes,Reply to Triumf email,"July 2, 2023",,,,
Yes,Move sprint planning sheet onto the google drive,"July 2, 2023",,,,
Yes,"Build out personal growth notion for CZ exec ","July 2, 2023",,,,
Yes,Send out all Unum messages for Friday,"July 2, 2023",,,,
Yes,Meet with James,"July 4, 2023",,,,
Yes,Email to Eshan,"July 4, 2023",,,,
Yes,Figure out how to make interactive powerpoint for CZ,"July 5, 2023",,,,
Yes,Call focal dental,"July 5, 2023",,,,
Yes,Send thank you for meeting with James,"July 5, 2023",,,,
Yes,"Check dayforce pay stubs online to confirm the $90 and $120 in tips I shoulda made ","July 5, 2023",,,,
Yes,Readjust cost projections so that we stay even over our lifespan w/ Toronto PTC fees,"July 5, 2023",,,,
Yes,"Pay interantional dues for ADP ","July 5, 2023",,,,
Yes,"Cancel Burner, squarespace and Nord accounts ","July 5, 2023",,,,
Yes,Research other busaries & scholarships that we could get,"July 5, 2023",,,,
Yes,"Add in finances to powerpoint → both in depth and detailed ","July 6, 2023",,,,
Yes,Begin TNS Licence application,"July 6, 2023",,,,
Yes,GST application,"July 6, 2023",,,,
Yes,PST application,"July 6, 2023",,,,
Yes,Finalize Contracts,"July 6, 2023",,,,
Yes,Create the new surveys,"July 7, 2023",,,,
Yes,Confirm Surveys with team,"July 8, 2023",,,,
Yes,"Send Toma that thing ","July 9, 2023",,,,
Yes,Make FB event page,"July 9, 2023",,,,
Yes,"Make promo material and send to the group for review ","July 9, 2023",,,,
Yes,Reach out to Kevin regarding our insurance payment,"July 9, 2023",,,,
Yes,Begin sending out surveys,"July 9, 2023",,,,
Yes,Finish Brady’s contract,"July 10, 2023",,,,
Yes,Thank Jordan for weed,"July 10, 2023",,,,
Yes,Go through all notes & record tasks for everyone,"July 10, 2023",,,,
Yes,Create tasks & scope out the timeline for the TNS licence application,"July 10, 2023",,,,
Yes,"Begin applying to grants: 2.4K ","July 10, 2023",,,,
Yes,Update budget for fall 2023,"July 11, 2023",,,,
Yes,Redo Brady’s Contract,"July 11, 2023",,,,
Yes,Text Ehsan about my availability next week & my trip back to Ottawa,"July 11, 2023",,,,
Yes,Thank Emma for covering for me on Friday,"July 11, 2023",,,,
Yes,"Plan for the exec meeting - what do we want to talk about, review that platform Toma suggested, find ideas for active point reward","July 11, 2023",,,,
Yes,Make plan for applying to interships & programs for next summer,"July 11, 2023",,,,
Yes,"Send out message for dues ","July 12, 2023",,,,
Yes,Write out assumptions and sources on data for the FA,"July 12, 2023",,,,
Yes,Plan out the active chapter point reward,"July 12, 2023",,,,
Yes,Scope out plan for redesign of CZ notion,"July 12, 2023",,,,
Yes,Create first projection for next year,"July 12, 2023",,,,
Yes,"Set up both squares ","July 13, 2023",,,,
Yes,Make post to go up on UBC Raves insta,"July 13, 2023",,,,
Yes,Email to parents,"July 14, 2023",,,,
Yes,Create summary on Habit Podcast,"July 16, 2023",,,,
Yes,Text Hudson’s friend about designer position and meet w / him,"July 16, 2023",,,,
Yes,Text all security people about payment method,"July 17, 2023",,,,
Yes,Review the party & plan next steps,"July 17, 2023",,,,
Yes,Survey question review,"July 17, 2023",,,,
Yes,"Confirm next party dates: Unum, UBC Raves, Irish","July 18, 2023",,,,
Yes,Figure out what I need to get to paint over walls,"July 18, 2023",,,,
Yes,NIBC apply to the thing,"July 18, 2023",,,,
Yes,Get an insta page up,"July 19, 2023",,,,
Yes,Plan when to see kaitlyn,"July 23, 2023",,,,
Yes,Posters and story designs for promo,"July 23, 2023",,,,
Yes,Email guy back with CRA number,"July 23, 2023",,,,
Yes,Sort out sound cables,"July 25, 2023",,,,
Yes,Promo to Irish,"July 25, 2023",,,,
Yes,"Check in with BVP, UBC Bike Club, and S&B about partnerships","July 25, 2023",,,,
Yes,"Budget projections ","July 25, 2023",,,,
Yes,Plan to return speakers if that’s still the Move,"July 25, 2023",,,,
Yes,Posters for ticket sales,"July 26, 2023",,,,
Yes,Plans for Ontario,"July 26, 2023",,,,
Yes,Sound set-up,"July 26, 2023",,,,
Yes,Incubator research,"July 26, 2023",,,,
Yes,"CZ: Competitor Research questions ","July 26, 2023",,,,
Yes,CRM Plan w/ Ahnaf,"July 27, 2023",,,,
Yes,Paint walls,"July 31, 2023",,,,
Yes,Create next version of surveys,"August 2, 2023",,,,
Yes,Notion redesign,"August 2, 2023",,,,
Yes,Meal plan & prep for Osh,"August 3, 2023",,,,
Yes,Reply to ITA email,"August 4, 2023",,,,
Yes,Get tickets for Arya show,"August 11, 2023",,,,
Yes,Text Derick & boro appi,"August 11, 2023",,,,
Yes,"Finish surveys - 2 new questions + edits ","August 11, 2023",,,,
No,Text the Portside man,"August 11, 2023",,,Interviews (../To%20Do%20List/Interviews%2039208078d35549dcbf57093530474702.md),
Yes,Text Hudson’s friend back,"August 11, 2023",,,,
Yes,Active point reward,"August 11, 2023",,,,
Yes,"Read Tim Ferris post on suicide ","August 11, 2023",,,,
Yes,"Sort out money owed ","August 13, 2023",,,,
Yes,Calculate money for summer + upcoming school term,"August 18, 2023",,,,
Yes,Pay for shipping on active rewards,"August 18, 2023",,,,
Yes,UBC Bursaries: https://students.ubc.ca/enrolment/finances/awards-scholarships-bursaries/ubc-bursary-program,"August 18, 2023",,,,
Yes,Figure out how much money Mum owes me from this vacation,"August 20, 2023",,,,
Yes,Send out surveys,"August 20, 2023",,,,
Yes,Contract for tech lead,"August 21, 2023",,,,
Yes,Research into all incubator programs: find out what they do & when they intake / have events,"August 21, 2023",,,,
Yes,Contracts for Designer,"August 21, 2023",,,,
Yes,Conduct market research on competitors,"August 21, 2023",,,,
Yes,"book urologiest ","August 23, 2023",,,,
Yes,Send dad the recipts for each perscription,"August 23, 2023",,,,
Yes,text dad’s dates for visit,"August 24, 2023",,,,
Yes,do the patient onboarding for pediodontics office,"August 28, 2023",,,,
No,1 School,"August 31, 2023","April 14, 2025",Alex,,"Check in with all courses (../To%20Do%20List/Check%20in%20with%20all%20courses%20171bfb40da6f4caf8885674640f7e694.md), Tuition Refunds: https://students.ubc.ca/enrolment/finances/tuition-fees/tuition-refunds (../To%20Do%20List/Tuition%20Refunds%20https%20students%20ubc%20ca%20enrolment%20fi%20ee22a01b2041484d9a6e3600ba69a6b9.md), Schedule talk with enrollment services (../To%20Do%20List/Schedule%20talk%20with%20enrollment%20services%204e78975e2cdc498687f8aba98946a683.md), ATSC 313 - Orientation Due (../To%20Do%20List/ATSC%20313%20-%20Orientation%20Due%206f83ae5fa43b4b76881635b1be507a8c.md), ATSC 313 - ePortfolio Due (../To%20Do%20List/ATSC%20313%20-%20ePortfolio%20Due%2023a0b998e97b47a3abc132f6a9906255.md), ATSC 313 - Hydro A (../To%20Do%20List/ATSC%20313%20-%20Hydro%20A%20b112b69b6fcd4ce7b600b9353843d6f2.md), ATSC 313 - Hydro B (../To%20Do%20List/ATSC%20313%20-%20Hydro%20B%2080708977236643ec8a73c5ec9ae3106e.md), ATSC 313 - Hydro C (../To%20Do%20List/ATSC%20313%20-%20Hydro%20C%20f4c8e025c8a242d7ab193c050d343ba8.md), ATSC 313 - Hydro D (../To%20Do%20List/ATSC%20313%20-%20Hydro%20D%204bb1b0a3e10b4e1c859541e3e3407db4.md), ATSC 313 - Hydro Midterm (../To%20Do%20List/ATSC%20313%20-%20Hydro%20Midterm%204d0435b04d7d4bd399d0f0bcff0ec6d9.md), ATSC 313 - ePortfolio Hydro (../To%20Do%20List/ATSC%20313%20-%20ePortfolio%20Hydro%20df2790ee8e3e4e35a8d509aa503ef79d.md), ATSC 313 - Wind A (../To%20Do%20List/ATSC%20313%20-%20Wind%20A%200a9d26d83408489bae7f167deaacb314.md), ATSC 313 - Wind B (../To%20Do%20List/ATSC%20313%20-%20Wind%20B%202b73f9922b43478bbde5f98edb1d7a0b.md), ATSC 313 - Wind C (../To%20Do%20List/ATSC%20313%20-%20Wind%20C%20c09f20191b66417594f013427dc9e476.md), ATSC 313 - Wind D (../To%20Do%20List/ATSC%20313%20-%20Wind%20D%20239295d3f85c4d9d94ea3729097df4b3.md), ATSC 313 - Wind Midterm (../To%20Do%20List/ATSC%20313%20-%20Wind%20Midterm%208fa5c09fcd214db1bcb2e7b7f9c096f2.md), ATSC 313 - ePortfolio Wind (../To%20Do%20List/ATSC%20313%20-%20ePortfolio%20Wind%20bede04c1efc742018fac2a77d5bbeb87.md), ATSC 313 - Solar A (../To%20Do%20List/ATSC%20313%20-%20Solar%20A%2068de9273d0034079a7e9ed5e0c3b9146.md), ATSC 313 - Solar B (../To%20Do%20List/ATSC%20313%20-%20Solar%20B%205da0f511246d44fbb5ba92bbc50ca2a7.md), ATSC 313 - Solar C (../To%20Do%20List/ATSC%20313%20-%20Solar%20C%20a24465c947e24c8290c48735f5fbc8fb.md), ATSC 313 - Solar D (../To%20Do%20List/ATSC%20313%20-%20Solar%20D%207e5e050eeb5543c186067e5a95ae1f18.md), ATSC 313 - Solar Midterm (../To%20Do%20List/ATSC%20313%20-%20Solar%20Midterm%20cb675779d75f4e34b88369e8b9827843.md), ATSC 313 - ePortfolio Solar (../To%20Do%20List/ATSC%20313%20-%20ePortfolio%20Solar%2047d22f8521824d599813006eb77d38bc.md), ATSC 313 - Synthesis A (../To%20Do%20List/ATSC%20313%20-%20Synthesis%20A%204fc6ea06749e41bea6bfb4aa32acca66.md), ATSC 313 - Synthesis B (../To%20Do%20List/ATSC%20313%20-%20Synthesis%20B%20f04eebf28de64cf8bdc74b29a32e6c0b.md), ATSC 313 - Synthesis D (../To%20Do%20List/ATSC%20313%20-%20Synthesis%20D%20563ccc054eea4abb8bb7cb3d992bb183.md), ATSC 313 - ePortfolio Final Draft Due (../To%20Do%20List/ATSC%20313%20-%20ePortfolio%20Final%20Draft%20Due%207de165b8517a44f9a4f549028b1d2812.md), COMR 493 - CASE 1 (../To%20Do%20List/COMR%20493%20-%20CASE%201%20a24b9e7ef8554693a678b2f69f393d5c.md), COMR 493 - Case 2 (../To%20Do%20List/COMR%20493%20-%20Case%202%201a304697fa57468691b0fc97d2a4cb76.md), COMR 493 - Group Analysis (../To%20Do%20List/COMR%20493%20-%20Group%20Analysis%20924a4520a7b24be597e251c0cd76145e.md), COMR 493 - Participation self evaluation  (../To%20Do%20List/COMR%20493%20-%20Participation%20self%20evaluation%2059f141258fd4400a8999df0730a264bf.md), COMR 493 - About yourself (../To%20Do%20List/COMR%20493%20-%20About%20yourself%202aafc54ab8e9428b892caf742d9a4fc3.md), STAT 406 - Homework 1 (../To%20Do%20List/STAT%20406%20-%20Homework%201%200ec0e5059ff04c748ee2e57653829f0a.md), STAT 406 - HW 2 (../To%20Do%20List/STAT%20406%20-%20HW%202%20aca53adf8eb447359469a5a51f7326b2.md), STAT 406 - HW 3 (../To%20Do%20List/STAT%20406%20-%20HW%203%20dddb52f513f741448cfee489a0fb260f.md), STAT 406 - HW 4 (../To%20Do%20List/STAT%20406%20-%20HW%204%20d822452e79d14bada92f128045d8c67b.md), STAT 406 - HW 5 (../To%20Do%20List/STAT%20406%20-%20HW%205%2050faf87b08244c15a593f98c5bd77008.md), STAT 406 - Quiz 0 (../To%20Do%20List/STAT%20406%20-%20Quiz%200%20b6b91b28f4cf4ca6ab827d959df49e82.md), Run Through Center for Accessability (../To%20Do%20List/Run%20Through%20Center%20for%20Accessability%205d07f510ce78437fbd46905c0ad1df5b.md), STAT 404 Quiz 0 (../To%20Do%20List/STAT%20404%20Quiz%200%20afcab8dd867844e6a222eceefa7d75ed.md), STAT 406 - LAB 0 (../To%20Do%20List/STAT%20406%20-%20LAB%200%20e5e7055a3b1d4912b3d991e03aa92440.md), STAT 406 - LAB 1 (../To%20Do%20List/STAT%20406%20-%20LAB%201%201b6b4080548f4765b6a276587da091f8.md), Sort out STAT 406 Github & Knit issues (../To%20Do%20List/Sort%20out%20STAT%20406%20Github%20&%20Knit%20issues%20b1ffa9382b354cdb8851acbb68bca8e9.md), Send Accomodation letters (../To%20Do%20List/Send%20Accomodation%20letters%2077a6cbf3333b43d097b0115b8ea85ef4.md), STAT 404 Webwork 1 (../To%20Do%20List/STAT%20404%20Webwork%201%20fac447b461db4c58bc4e6ef8bb99580b.md), 404 HW 2 Review (../To%20Do%20List/404%20HW%202%20Review%2010e7c51f810e807e9f67c2cd849b4931.md), 404 Quiz #1 (../To%20Do%20List/404%20Quiz%20#1%2010e7c51f810e80aea244c727fb3bbb46.md), 404 Webwork 3 (../To%20Do%20List/404%20Webwork%203%2010e7c51f810e80f180eed7aec182c662.md), 404 Webwork 4 (../To%20Do%20List/404%20Webwork%204%2010e7c51f810e802dbbb3d246647f356b.md), 404 Quiz 2 (../To%20Do%20List/404%20Quiz%202%2010e7c51f810e8011a1e7f94b25e2c444.md), 404 Webwork 5 (../To%20Do%20List/404%20Webwork%205%2010e7c51f810e80f1b0adcda06433ac0b.md), 404 Quiz 3 (../To%20Do%20List/404%20Quiz%203%2010e7c51f810e80c2a98ccda51cb11d54.md), 404 Webwork 6 (../To%20Do%20List/404%20Webwork%206%2010e7c51f810e80d4b479cb0adb7336d0.md), ECON 319 First test (../To%20Do%20List/ECON%20319%20First%20test%201767c51f810e80c09e30dab42e798800.md), ECON 319 Second Test (../To%20Do%20List/ECON%20319%20Second%20Test%201767c51f810e8048a98ac954a3807b1b.md), ECON 319 Research Essay Outline (../To%20Do%20List/ECON%20319%20Research%20Essay%20Outline%201767c51f810e80b1afecc07eeb9a1c83.md), ECON 319 Essay (../To%20Do%20List/ECON%20319%20Essay%201767c51f810e80a28526dedaff8a74c5.md), COMR 458 HW Ch 1 & 2 (../To%20Do%20List/COMR%20458%20HW%20Ch%201%20&%202%201767c51f810e80eaa6f3d7aef277ae1e.md), COMR 458 Quiz 1 (../To%20Do%20List/COMR%20458%20Quiz%201%201767c51f810e8070b05bcfe39ddfa32d.md), COMR 458 HW Ch 3 (../To%20Do%20List/COMR%20458%20HW%20Ch%203%201767c51f810e80038a8de6a8c16a3488.md), COMR 458 Quiz 2 (../To%20Do%20List/COMR%20458%20Quiz%202%201767c51f810e80f9bc36ec3e65d40dc5.md), COMR 458 HW ch 4 (../To%20Do%20List/COMR%20458%20HW%20ch%204%201767c51f810e8086aa72d3df23702fe7.md), COMR 458 Hw ch 5 (../To%20Do%20List/COMR%20458%20Hw%20ch%205%201767c51f810e8005999bf22d14b13f70.md), COMR 458 Hw ch 6 (../To%20Do%20List/COMR%20458%20Hw%20ch%206%201767c51f810e805a954be9d52a3c8b8b.md), COMR 458 Quiz 3 (../To%20Do%20List/COMR%20458%20Quiz%203%201767c51f810e80b08ae2f0b85f3dbeca.md), COMR 458 HW ch 7 (../To%20Do%20List/COMR%20458%20HW%20ch%207%201767c51f810e806a9ec1c3b2d1229ed5.md), COMR 458 HW ch 10 (../To%20Do%20List/COMR%20458%20HW%20ch%2010%201767c51f810e80488e62e89c3afcfbc7.md), COMR 458 Hw ch 11 (../To%20Do%20List/COMR%20458%20Hw%20ch%2011%201767c51f810e8041ae64fd95e7f5a406.md), COMR 458 Quiz 4 (../To%20Do%20List/COMR%20458%20Quiz%204%201767c51f810e80cc85b6fddf699543ff.md), STAT 443 Written 1 (../To%20Do%20List/STAT%20443%20Written%201%201767c51f810e801db6baf588c3f9e8f5.md), STAT 443 Written 2 (../To%20Do%20List/STAT%20443%20Written%202%201767c51f810e80f9a9c9c7f4287ca4d9.md), STAT 443 Written 3 (../To%20Do%20List/STAT%20443%20Written%203%201767c51f810e80f9ad5ef03c00fdc007.md), STAT 443 Written 4 (../To%20Do%20List/STAT%20443%20Written%204%201767c51f810e808d89aefdd76a53168c.md), STAT 443 Webwork 1 (../To%20Do%20List/STAT%20443%20Webwork%201%201767c51f810e80e0a2cddb0388342bd1.md), STAT 443 Webwork 2 (../To%20Do%20List/STAT%20443%20Webwork%202%201767c51f810e80fe91aacd4216f99565.md), STAT 443 Webwork 3 (../To%20Do%20List/STAT%20443%20Webwork%203%201767c51f810e801598cac8cb88016df4.md), STAT 443 Webwork 5 (../To%20Do%20List/STAT%20443%20Webwork%205%201767c51f810e8056af1dd5445841212a.md), STAT 443 Webwork 4 (../To%20Do%20List/STAT%20443%20Webwork%204%201767c51f810e80c2a745fd936782294a.md), STAT 443 Webwork 6 (../To%20Do%20List/STAT%20443%20Webwork%206%201767c51f810e80f39d82c9ac66975f03.md), STAT 450 Research Ethics Cert (../To%20Do%20List/STAT%20450%20Research%20Ethics%20Cert%201787c51f810e809290c6c8af070d97a7.md), STAT 450 HW 1 (../To%20Do%20List/STAT%20450%20HW%201%201787c51f810e80e79fb4d8276cb87ec3.md), STAT 450 Group Contract (../To%20Do%20List/STAT%20450%20Group%20Contract%201787c51f810e804690c6f3f133f212e4.md), STAT 450 Client Meeting 1 Prep (../To%20Do%20List/STAT%20450%20Client%20Meeting%201%20Prep%201787c51f810e80cda277e3b970d3bf10.md), STAT 450 HW2 (../To%20Do%20List/STAT%20450%20HW2%201787c51f810e80d2b4c4c346c6c8e244.md), STAT 450 Clientmeeting 1 notes (../To%20Do%20List/STAT%20450%20Clientmeeting%201%20notes%201787c51f810e8044ab4dcdfd95a01160.md), STAT 450 Group Proposal (../To%20Do%20List/STAT%20450%20Group%20Proposal%201787c51f810e803f8348d12aad062cee.md), STAT 450 In class pres file due (../To%20Do%20List/STAT%20450%20In%20class%20pres%20file%20due%201787c51f810e80d0a8e5f55f8a20d4f4.md), STAT 450 HW3 (../To%20Do%20List/STAT%20450%20HW3%201787c51f810e80ea868fd0fa860b0a05.md), STAT 450 Mid Group Review (../To%20Do%20List/STAT%20450%20Mid%20Group%20Review%201787c51f810e80acbd60cc44a8aa576e.md), STAT 450 1st Draft (../To%20Do%20List/STAT%20450%201st%20Draft%201787c51f810e8070bee9caf3cf77e689.md), STAT 450 Report Peer Review (../To%20Do%20List/STAT%20450%20Report%20Peer%20Review%201787c51f810e805a8d9bdb2c86d034cf.md), STAT 450 Client Meeting 2 prep (../To%20Do%20List/STAT%20450%20Client%20Meeting%202%20prep%201787c51f810e801394a1c2a7b31fc75b.md), STAT 450 Client Meeting 2 notes (../To%20Do%20List/STAT%20450%20Client%20Meeting%202%20notes%201787c51f810e807a88dad38138bfc3cb.md), STAT 450 Oral pres submit (../To%20Do%20List/STAT%20450%20Oral%20pres%20submit%201787c51f810e802ca5d0ce548c19cf90.md), STAT 450 Project summary for poster session (../To%20Do%20List/STAT%20450%20Project%20summary%20for%20poster%20session%201787c51f810e80da8c8ff3d624662c02.md), STAT 450 Oral pres peer review (../To%20Do%20List/STAT%20450%20Oral%20pres%20peer%20review%201787c51f810e80bdb4d2c9a7aa481ee1.md), STAT 450 2nd draft report (../To%20Do%20List/STAT%20450%202nd%20draft%20report%201787c51f810e80d3bd9bfbd3a9e414ae.md), STAT 450 Mock poster session submission (../To%20Do%20List/STAT%20450%20Mock%20poster%20session%20submission%201787c51f810e8084828afd93499b9ebe.md), STAT 450 Final Poster (../To%20Do%20List/STAT%20450%20Final%20Poster%201787c51f810e8074933fec23581cfbc2.md), STAT 450 Final Report (../To%20Do%20List/STAT%20450%20Final%20Report%201787c51f810e80f8925ef6e3a7108ac3.md), STAT 450 Final Peer Assessment  (../To%20Do%20List/STAT%20450%20Final%20Peer%20Assessment%201787c51f810e80429bb9cfa91f9e4099.md), STAT 443 Lab (Every Week)  (../To%20Do%20List/STAT%20443%20Lab%20(Every%20Week)%201787c51f810e80e28f51ee32f74f462f.md), STAT 450 Lab (Every Week)  (../To%20Do%20List/STAT%20450%20Lab%20(Every%20Week)%201787c51f810e80339a03ea12405c5a57.md), STAT 443 Activity 1 (../To%20Do%20List/STAT%20443%20Activity%201%2017a7c51f810e805fa5aef4ca843a3260.md), STAT443 Activity 2 (../To%20Do%20List/STAT443%20Activity%202%2017a7c51f810e8074893fc43f7b8d293b.md), STAT 443 Activity 3 & 4 (../To%20Do%20List/STAT%20443%20Activity%203%20&%204%2017d7c51f810e80d2a22cdc385d2880a2.md), STAT 450 Short Presnetation (../To%20Do%20List/STAT%20450%20Short%20Presnetation%201937c51f810e80d99731ce7a9157e60b.md)"
Yes,Fitness plan for year,"August 31, 2023",,,,
Yes,BEDBUGS,"August 31, 2023",,,,
No,2 Unum,"August 31, 2023",,,,"buy mic (../To%20Do%20List/buy%20mic%208ea735c6471c4832a48145ba3ce40275.md), Talk to the pit about running an after hours (../To%20Do%20List/Talk%20to%20the%20pit%20about%20running%20an%20after%20hours%207aa22803721b445a98b1ce6cd501af3c.md), Finances - Update the doc that Lu made to cover what I need it to (../To%20Do%20List/Finances%20-%20Update%20the%20doc%20that%20Lu%20made%20to%20cover%20wh%206856d1530d254962b288e7ccfba3242a.md), Stock contracts & shareholder agreement (../To%20Do%20List/Stock%20contracts%20&%20shareholder%20agreement%20b0b4df908a7a4a00883ebd0b4ef9bb86.md), Talk with Hansen - get him on the website (../To%20Do%20List/Talk%20with%20Hansen%20-%20get%20him%20on%20the%20website%20c72af6e83daa4958a579fa1df4d88368.md), Email cooking club (../To%20Do%20List/Email%20cooking%20club%20abceeb977bfb43798acc40c3b30e32ae.md), Get graphics for Oct 4th (../To%20Do%20List/Get%20graphics%20for%20Oct%204th%20d71078d524764f388febbe411c300354.md), Get everyone to post on the website (../To%20Do%20List/Get%20everyone%20to%20post%20on%20the%20website%20150e450f8dcf4a4888c45434cadb52ca.md), Move all monthly subscriptions to business  (../To%20Do%20List/Move%20all%20monthly%20subscriptions%20to%20business%203d2ffbf298c3414ab404eebacb7fbe4f.md), Get familiar with website - get everyone to make their own post (../To%20Do%20List/Get%20familiar%20with%20website%20-%20get%20everyone%20to%20make%20t%2018442280715b45dc8d34e077c11f716e.md), Create full plan for Oct 4h (../To%20Do%20List/Create%20full%20plan%20for%20Oct%204h%20ac29fdd75074479d9a6bb83b40a1a49a.md), Art studio contract draft 1 (../To%20Do%20List/Art%20studio%20contract%20draft%201%2010e7c51f810e80f9bd38e7e3e1dc1aba.md), Art studio contract revision & send to Quinn (../To%20Do%20List/Art%20studio%20contract%20revision%20&%20send%20to%20Quinn%2011c7c51f810e80409e2dc6442990d466.md)"
No,Alpha Delta Phi,"August 31, 2023",,,,"Set up room - buy shelf and mirror attachments  (../To%20Do%20List/Set%20up%20room%20-%20buy%20shelf%20and%20mirror%20attachments%20948476e5724c4830b29f5589c80d3c1c.md), Laundry (../To%20Do%20List/Laundry%20a96738638a6b4713bb3613e1c3d19861.md)"
Yes,CHUZU,"August 31, 2023",,,,
Yes,Alex’s Notes,"September 3, 2023",,,,
Yes,"Unarchive Josh's grad ozt ","September 4, 2023","September 4, 2023",,,
Yes,Scenarios for Finance,"September 4, 2023",,,,
Yes,Email Riley again for TRIUMF,"September 4, 2023",,,,
Yes,STAT 406,"September 7, 2023",,,,
Yes,STAT 305,"September 7, 2023",,,,
Yes,305: HW1,"September 12, 2023",,,,
Yes,406: lecture & rstudio set up,"September 12, 2023",,,,
Yes,"406 read 2.1, 2.2, and Chapter 3 (this material is review)","September 13, 2023",,,,
Yes,406 Lab 0,"September 13, 2023",,,,
Yes,301 worksheet 2,"September 16, 2023",,,,
Yes,301 tutorial 2,"September 16, 2023",,,,
Yes,301 WS0,"September 16, 2023",,,,
Yes,465 text book + activities for this week,"September 18, 2023",,,,
No,"text rob, arrange zoom meeting","September 18, 2023",,,Interviews (../To%20Do%20List/Interviews%2039208078d35549dcbf57093530474702.md),
Yes,406 lab 1,"September 18, 2023",,,,
Yes,301 ws 3,"September 18, 2023",,,,
Yes,305 book,"September 18, 2023",,,,
Yes,ask about rave club,"September 18, 2023",,,,
Yes,DJ Club,"September 18, 2023",,,,
Yes,301 lectures + previous text,"September 18, 2023",,,,
Yes,465 text book,"September 18, 2023",,,,
Yes,465 notes,"September 18, 2023",,,,
Yes,465 Lecture,"September 18, 2023",,,,
Yes,Call cops & ubc security,"September 18, 2023",,,,
Yes,Details for pop-up,"September 18, 2023",,,,
Yes,email charity,"September 18, 2023",,,,
No,buy mic,"September 24, 2023",,,2 Unum (../To%20Do%20List/2%20Unum%20c1c89d9e46394a6bae18d11c8cb4fe05.md),
Yes,406 HW1,"September 25, 2023",,,,
Yes,Make payment to VFB,"September 26, 2023",,,,
Yes,Keaton,"October 2, 2023",,,,
Yes,get link tree up,"October 2, 2023",,,,
Yes,Schedule designer meeting,"October 2, 2023",,,,
Yes,Talk to Hudson about doing a website,"October 2, 2023",,,,
No,Talk to the pit about running an after hours,"October 2, 2023",,,2 Unum (../To%20Do%20List/2%20Unum%20c1c89d9e46394a6bae18d11c8cb4fe05.md),
Yes,AMS Raves meeting,"October 2, 2023",,,,
Yes,305 Webwork 3,"October 2, 2023",,,,
Yes,"Contact Keven about alumni donation ","October 2, 2023",,,,
Yes,465 HW due the 12th,"October 6, 2023",,,,
Yes,"Find spring break dates ","October 7, 2023",,,,
Yes,301 WS & Tutorial 6,"October 13, 2023",,,,
Yes,"406 notes 6.4 + 6.2, 7.1-7.7.1, 8.1, 8.1.1, 8.1.3, 8.1.4","October 13, 2023",,,,
Yes,rego over business plan,"October 13, 2023",,,,
Yes,leagal framework,"October 13, 2023",,,,
Yes,review business,"October 13, 2023",,,,
Yes,pay per event,"October 13, 2023",,,,
Yes,goals for year,"October 13, 2023",,,,
Yes,305 chapter 1.8.1 - 4.6,"October 13, 2023",,,,
Yes,406 HW 3,"October 17, 2023",,,,
Yes,406 HW 4,"November 2, 2023","November 7, 2023",,,
Yes,305 Webwork 6,"November 6, 2023","November 10, 2023",,,
Yes,406 HW 5,"November 21, 2023",,,,
Yes,"Look into Excel comp: https://www.fmworldcup.com/microsoft-excel-collegiate-challenge/ ","December 10, 2023",,,,
Yes,Budget + explnse tracking,"January 1, 2024",,,,
Yes,Look into new ventures,"January 2, 2024",,,,
Yes,MATH100,"June 3, 2024","June 8, 2024",,,
Yes,Laundry,"August 27, 2024","August 28, 2024",,Alpha Delta Phi (../To%20Do%20List/Alpha%20Delta%20Phi%2073658075425a460d8dcd8def93f1dd74.md),
Yes,Prep financial statements for the year - Text mum amounts,"August 27, 2024","August 31, 2024",,Personal Admin (../To%20Do%20List/Personal%20Admin%2049151e88a77242bc9b0721604ed238ff.md),
Yes,Keaton Lasers,"August 27, 2024","August 31, 2024",,Interviews (../To%20Do%20List/Interviews%2039208078d35549dcbf57093530474702.md),
Yes,"Set up room - buy shelf and mirror attachments ","August 27, 2024","September 1, 2024",,Alpha Delta Phi (../To%20Do%20List/Alpha%20Delta%20Phi%2073658075425a460d8dcd8def93f1dd74.md),
Yes,Get graphics for Oct 4th,"August 27, 2024","September 2, 2024",,2 Unum (../To%20Do%20List/2%20Unum%20c1c89d9e46394a6bae18d11c8cb4fe05.md),
Yes,Check in with all courses,"August 27, 2024","September 3, 2024",,1 School (../To%20Do%20List/1%20School%203589c1e76e4b471b9ccf56b4158194f5.md),
Yes,Talk with Hansen - get him on the website,"August 27, 2024","September 5, 2024",,2 Unum (../To%20Do%20List/2%20Unum%20c1c89d9e46394a6bae18d11c8cb4fe05.md),
Yes,Test Karaoke setup,"August 27, 2024","September 6, 2024",,Work (../To%20Do%20List/Work%206d754fd159424c58acef96d0ee7a8084.md),
Yes,Finances - Update the doc that Lu made to cover what I need it to,"August 27, 2024","September 7, 2024",,2 Unum (../To%20Do%20List/2%20Unum%20c1c89d9e46394a6bae18d11c8cb4fe05.md),
Yes,Stock contracts & shareholder agreement,"August 27, 2024","October 12, 2024",,2 Unum (../To%20Do%20List/2%20Unum%20c1c89d9e46394a6bae18d11c8cb4fe05.md),
No,"Move all monthly subscriptions to business ","August 27, 2024",,,2 Unum (../To%20Do%20List/2%20Unum%20c1c89d9e46394a6bae18d11c8cb4fe05.md),
No,Work,"August 27, 2024",,,,Test Karaoke setup (../To%20Do%20List/Test%20Karaoke%20setup%209d2f6c44961143349f1a0013be8e8206.md)
Yes,Get everyone to post on the website,"August 27, 2024",,,2 Unum (../To%20Do%20List/2%20Unum%20c1c89d9e46394a6bae18d11c8cb4fe05.md),
No,Personal Admin,"August 27, 2024",,,,"Prep financial statements for the year - Text mum amounts (../To%20Do%20List/Prep%20financial%20statements%20for%20the%20year%20-%20Text%20mum%20%201adf66b34b414212a864b2c98eb30599.md), Send dad the enrolment proof (../To%20Do%20List/Send%20dad%20the%20enrolment%20proof%2010e7c51f810e8006a1dfe1ae3c994bef.md)"
Yes,Email cooking club,"August 27, 2024",,,2 Unum (../To%20Do%20List/2%20Unum%20c1c89d9e46394a6bae18d11c8cb4fe05.md),
No,"Kevin Thatch ","August 27, 2024",,,Interviews (../To%20Do%20List/Interviews%2039208078d35549dcbf57093530474702.md),
No,Kean,"August 27, 2024",,,Interviews (../To%20Do%20List/Interviews%2039208078d35549dcbf57093530474702.md),
No,Jeremy Spoons,"August 27, 2024",,,Interviews (../To%20Do%20List/Interviews%2039208078d35549dcbf57093530474702.md),
No,Mark Psychiatrist,"August 27, 2024",,,Interviews (../To%20Do%20List/Interviews%2039208078d35549dcbf57093530474702.md),
No,Soren Thomas Workshop,"August 27, 2024",,,Interviews (../To%20Do%20List/Interviews%2039208078d35549dcbf57093530474702.md),
No,Interviews,"August 27, 2024",,,,"Text the Portside man (../To%20Do%20List/Text%20the%20Portside%20man%200b697b431cf04a04b3f213d029247b4f.md), text rob, arrange zoom meeting (../To%20Do%20List/text%20rob,%20arrange%20zoom%20meeting%20465ef04c90d249fcb06f63deb155cb61.md), Soren Thomas Workshop (../To%20Do%20List/Soren%20Thomas%20Workshop%20bc62b327c877477081136530b503e17d.md), Mark Psychiatrist (../To%20Do%20List/Mark%20Psychiatrist%2027b39dd48c524ac98613a0c49b837c91.md), Jeremy Spoons (../To%20Do%20List/Jeremy%20Spoons%20b0d7359512d049c09642a6fb1cfc055f.md), Keaton Lasers (../To%20Do%20List/Keaton%20Lasers%207376f67299444c8888c16f8b52514e38.md), Kean (../To%20Do%20List/Kean%2023b613a8d39845da9b53cd16952bdc12.md), Kevin Thatch  (../To%20Do%20List/Kevin%20Thatch%20b2c992ab155f46cc8899e78ed39b044c.md), The US tour people (../To%20Do%20List/The%20US%20tour%20people%20a97364192f2d46da99ac50a18189d45d.md), interview Jacob (../To%20Do%20List/interview%20Jacob%2010e7c51f810e80ff9479ce5a75aecacb.md), Email Profs for all courses (../To%20Do%20List/Email%20Profs%20for%20all%20courses%2017a7c51f810e8056a8bffae20a74d315.md)"
Yes,Get Justin applying to jobs,"August 29, 2024","August 30, 2024",,,
Yes,Get familiar with website - get everyone to make their own post,"August 29, 2024","September 7, 2024",,2 Unum (../To%20Do%20List/2%20Unum%20c1c89d9e46394a6bae18d11c8cb4fe05.md),
Yes,Tuition Refunds: https://students.ubc.ca/enrolment/finances/tuition-fees/tuition-refunds,"August 29, 2024","October 14, 2024",,1 School (../To%20Do%20List/1%20School%203589c1e76e4b471b9ccf56b4158194f5.md),
Yes,Create full plan for Oct 4h,"September 2, 2024","September 2, 2024",,2 Unum (../To%20Do%20List/2%20Unum%20c1c89d9e46394a6bae18d11c8cb4fe05.md),
Yes,Schedule talk with enrollment services,"September 2, 2024","September 13, 2024",,1 School (../To%20Do%20List/1%20School%203589c1e76e4b471b9ccf56b4158194f5.md),
No,The US tour people,"September 2, 2024",,,Interviews (../To%20Do%20List/Interviews%2039208078d35549dcbf57093530474702.md),
Yes,STAT 406 - Quiz 0,"September 4, 2024","September 6, 2024",,1 School (../To%20Do%20List/1%20School%203589c1e76e4b471b9ccf56b4158194f5.md),
Yes,ATSC 313 - Orientation Due,"September 4, 2024","September 6, 2024",,1 School (../To%20Do%20List/1%20School%203589c1e76e4b471b9ccf56b4158194f5.md),
Yes,COMR 493 - About yourself,"September 4, 2024","September 7, 2024",,1 School (../To%20Do%20List/1%20School%203589c1e76e4b471b9ccf56b4158194f5.md),
Yes,ATSC 313 - ePortfolio Due,"September 4, 2024","September 11, 2024",,1 School (../To%20Do%20List/1%20School%203589c1e76e4b471b9ccf56b4158194f5.md),
Yes,ATSC 313 - Hydro A,"September 4, 2024","September 14, 2024",,1 School (../To%20Do%20List/1%20School%203589c1e76e4b471b9ccf56b4158194f5.md),
Yes,ATSC 313 - Hydro B,"September 4, 2024","September 19, 2024",,1 School (../To%20Do%20List/1%20School%203589c1e76e4b471b9ccf56b4158194f5.md),
Yes,ATSC 313 - Hydro C,"September 4, 2024","September 24, 2024",,1 School (../To%20Do%20List/1%20School%203589c1e76e4b471b9ccf56b4158194f5.md),
Yes,STAT 406 - Homework 1,"September 4, 2024","September 26, 2024",,1 School (../To%20Do%20List/1%20School%203589c1e76e4b471b9ccf56b4158194f5.md),
Yes,ATSC 313 - Hydro D,"September 4, 2024","September 29, 2024",,1 School (../To%20Do%20List/1%20School%203589c1e76e4b471b9ccf56b4158194f5.md),
Yes,ATSC 313 - ePortfolio Hydro,"September 4, 2024","October 2, 2024",,1 School (../To%20Do%20List/1%20School%203589c1e76e4b471b9ccf56b4158194f5.md),
Yes,ATSC 313 - Hydro Midterm,"September 4, 2024","October 2, 2024",,1 School (../To%20Do%20List/1%20School%203589c1e76e4b471b9ccf56b4158194f5.md),
Yes,ATSC 313 - Wind A,"September 4, 2024","October 10, 2024",,1 School (../To%20Do%20List/1%20School%203589c1e76e4b471b9ccf56b4158194f5.md),
Yes,COMR 493 - CASE 1,"September 4, 2024","October 14, 2024",,1 School (../To%20Do%20List/1%20School%203589c1e76e4b471b9ccf56b4158194f5.md),
Yes,ATSC 313 - Wind B,"September 4, 2024","October 16, 2024",,1 School (../To%20Do%20List/1%20School%203589c1e76e4b471b9ccf56b4158194f5.md),
Yes,STAT 406 - HW 2,"September 4, 2024","October 17, 2024",,1 School (../To%20Do%20List/1%20School%203589c1e76e4b471b9ccf56b4158194f5.md),
Yes,ATSC 313 - Wind C,"September 4, 2024","October 21, 2024",,1 School (../To%20Do%20List/1%20School%203589c1e76e4b471b9ccf56b4158194f5.md),
Yes,ATSC 313 - Wind D,"September 4, 2024","October 26, 2024",,1 School (../To%20Do%20List/1%20School%203589c1e76e4b471b9ccf56b4158194f5.md),
Yes,ATSC 313 - ePortfolio Wind,"September 4, 2024","October 28, 2024",,1 School (../To%20Do%20List/1%20School%203589c1e76e4b471b9ccf56b4158194f5.md),
Yes,ATSC 313 - Wind Midterm,"September 4, 2024","October 28, 2024",,1 School (../To%20Do%20List/1%20School%203589c1e76e4b471b9ccf56b4158194f5.md),
Yes,STAT 406 - HW 3,"September 4, 2024","October 31, 2024",,1 School (../To%20Do%20List/1%20School%203589c1e76e4b471b9ccf56b4158194f5.md),
Yes,COMR 493 - Case 2,"September 4, 2024","November 5, 2024",,1 School (../To%20Do%20List/1%20School%203589c1e76e4b471b9ccf56b4158194f5.md),
Yes,ATSC 313 - Solar A,"September 4, 2024","November 5, 2024",,1 School (../To%20Do%20List/1%20School%203589c1e76e4b471b9ccf56b4158194f5.md),
Yes,ATSC 313 - Solar B,"September 4, 2024","November 10, 2024",,1 School (../To%20Do%20List/1%20School%203589c1e76e4b471b9ccf56b4158194f5.md),
Yes,ATSC 313 - Solar C,"September 4, 2024","November 18, 2024",,1 School (../To%20Do%20List/1%20School%203589c1e76e4b471b9ccf56b4158194f5.md),
Yes,STAT 406 - HW 4,"September 4, 2024","November 19, 2024",,1 School (../To%20Do%20List/1%20School%203589c1e76e4b471b9ccf56b4158194f5.md),
Yes,COMR 493 - Group Analysis,"September 4, 2024","November 20, 2024",,1 School (../To%20Do%20List/1%20School%203589c1e76e4b471b9ccf56b4158194f5.md),
Yes,ATSC 313 - Solar D,"September 4, 2024","November 23, 2024",,1 School (../To%20Do%20List/1%20School%203589c1e76e4b471b9ccf56b4158194f5.md),
Yes,ATSC 313 - ePortfolio Solar,"September 4, 2024","November 25, 2024",,1 School (../To%20Do%20List/1%20School%203589c1e76e4b471b9ccf56b4158194f5.md),
Yes,ATSC 313 - Solar Midterm,"September 4, 2024","November 25, 2024",,1 School (../To%20Do%20List/1%20School%203589c1e76e4b471b9ccf56b4158194f5.md),
Yes,"COMR 493 - Participation self evaluation ","September 4, 2024","November 29, 2024",,1 School (../To%20Do%20List/1%20School%203589c1e76e4b471b9ccf56b4158194f5.md),
Yes,ATSC 313 - Synthesis A,"September 4, 2024","November 30, 2024",,1 School (../To%20Do%20List/1%20School%203589c1e76e4b471b9ccf56b4158194f5.md),
Yes,ATSC 313 - Synthesis B,"September 4, 2024","December 3, 2024",,1 School (../To%20Do%20List/1%20School%203589c1e76e4b471b9ccf56b4158194f5.md),
Yes,ATSC 313 - ePortfolio Final Draft Due,"September 4, 2024","December 4, 2024",,1 School (../To%20Do%20List/1%20School%203589c1e76e4b471b9ccf56b4158194f5.md),
Yes,STAT 406 - HW 5,"September 4, 2024","December 5, 2024",,1 School (../To%20Do%20List/1%20School%203589c1e76e4b471b9ccf56b4158194f5.md),
Yes,ATSC 313 - Synthesis D,"September 4, 2024","December 6, 2024",,1 School (../To%20Do%20List/1%20School%203589c1e76e4b471b9ccf56b4158194f5.md),
Yes,STAT 404 Quiz 0,"September 7, 2024","September 9, 2024",,1 School (../To%20Do%20List/1%20School%203589c1e76e4b471b9ccf56b4158194f5.md),
Yes,Sort out STAT 406 Github & Knit issues,"September 7, 2024","September 13, 2024",,1 School (../To%20Do%20List/1%20School%203589c1e76e4b471b9ccf56b4158194f5.md),
Yes,STAT 406 - LAB 1,"September 7, 2024","September 13, 2024",,1 School (../To%20Do%20List/1%20School%203589c1e76e4b471b9ccf56b4158194f5.md),
Yes,STAT 406 - LAB 0,"September 7, 2024","September 13, 2024",,1 School (../To%20Do%20List/1%20School%203589c1e76e4b471b9ccf56b4158194f5.md),
Yes,Run Through Center for Accessability,"September 7, 2024","September 13, 2024",,1 School (../To%20Do%20List/1%20School%203589c1e76e4b471b9ccf56b4158194f5.md),
Yes,Send Accomodation letters,"September 8, 2024","October 6, 2024",,1 School (../To%20Do%20List/1%20School%203589c1e76e4b471b9ccf56b4158194f5.md),
Yes,STAT 404 Webwork 1,"September 12, 2024","September 18, 2024",,1 School (../To%20Do%20List/1%20School%203589c1e76e4b471b9ccf56b4158194f5.md),
Yes,404 HW 2 Review,"September 27, 2024","September 28, 2024",,1 School (../To%20Do%20List/1%20School%203589c1e76e4b471b9ccf56b4158194f5.md),
Yes,Send dad the enrolment proof,"September 27, 2024","September 29, 2024",,Personal Admin (../To%20Do%20List/Personal%20Admin%2049151e88a77242bc9b0721604ed238ff.md),
Yes,Art studio contract draft 1,"September 27, 2024","September 29, 2024",,2 Unum (../To%20Do%20List/2%20Unum%20c1c89d9e46394a6bae18d11c8cb4fe05.md),
Yes,404 Webwork 3,"September 27, 2024","October 8, 2024",,1 School (../To%20Do%20List/1%20School%203589c1e76e4b471b9ccf56b4158194f5.md),
Yes,404 Quiz #1,"September 27, 2024","October 8, 2024",,1 School (../To%20Do%20List/1%20School%203589c1e76e4b471b9ccf56b4158194f5.md),
Yes,404 Webwork 4,"September 27, 2024","October 17, 2024",,1 School (../To%20Do%20List/1%20School%203589c1e76e4b471b9ccf56b4158194f5.md),
Yes,404 Quiz 2,"September 27, 2024","October 29, 2024",,1 School (../To%20Do%20List/1%20School%203589c1e76e4b471b9ccf56b4158194f5.md),
Yes,404 Webwork 5,"September 27, 2024","November 14, 2024",,1 School (../To%20Do%20List/1%20School%203589c1e76e4b471b9ccf56b4158194f5.md),
Yes,404 Quiz 3,"September 27, 2024","November 19, 2024",,1 School (../To%20Do%20List/1%20School%203589c1e76e4b471b9ccf56b4158194f5.md),
Yes,404 Webwork 6,"September 27, 2024","November 28, 2024",,1 School (../To%20Do%20List/1%20School%203589c1e76e4b471b9ccf56b4158194f5.md),
No,interview Jacob,"September 27, 2024",,,Interviews (../To%20Do%20List/Interviews%2039208078d35549dcbf57093530474702.md),
Yes,Art studio contract revision & send to Quinn,"October 11, 2024","October 12, 2024",,2 Unum (../To%20Do%20List/2%20Unum%20c1c89d9e46394a6bae18d11c8cb4fe05.md),
No,The Statistical Life,"December 1, 2024",,,,
Yes,STAT 443 Webwork 1,"January 9, 2025","January 21, 2025",,1 School (../To%20Do%20List/1%20School%203589c1e76e4b471b9ccf56b4158194f5.md),
Yes,COMR 458 HW Ch 1 & 2,"January 9, 2025","January 24, 2025",,1 School (../To%20Do%20List/1%20School%203589c1e76e4b471b9ccf56b4158194f5.md),
Yes,COMR 458 Quiz 1,"January 9, 2025","January 26, 2025",,1 School (../To%20Do%20List/1%20School%203589c1e76e4b471b9ccf56b4158194f5.md),
Yes,STAT 443 Written 1,"January 9, 2025","January 30, 2025",,1 School (../To%20Do%20List/1%20School%203589c1e76e4b471b9ccf56b4158194f5.md),
Yes,COMR 458 Quiz 2,"January 9, 2025","January 31, 2025",,1 School (../To%20Do%20List/1%20School%203589c1e76e4b471b9ccf56b4158194f5.md),
Yes,COMR 458 HW Ch 3,"January 9, 2025","January 31, 2025",,1 School (../To%20Do%20List/1%20School%203589c1e76e4b471b9ccf56b4158194f5.md),
Yes,STAT 443 Webwork 2,"January 9, 2025","February 4, 2025",,1 School (../To%20Do%20List/1%20School%203589c1e76e4b471b9ccf56b4158194f5.md),
Yes,ECON 319 First test,"January 9, 2025","February 6, 2025",,1 School (../To%20Do%20List/1%20School%203589c1e76e4b471b9ccf56b4158194f5.md),
Yes,COMR 458 HW ch 4,"January 9, 2025","February 7, 2025",,1 School (../To%20Do%20List/1%20School%203589c1e76e4b471b9ccf56b4158194f5.md),
Yes,STAT 443 Written 2,"January 9, 2025","February 13, 2025",,1 School (../To%20Do%20List/1%20School%203589c1e76e4b471b9ccf56b4158194f5.md),
Yes,COMR 458 Hw ch 5,"January 9, 2025","February 14, 2025",,1 School (../To%20Do%20List/1%20School%203589c1e76e4b471b9ccf56b4158194f5.md),
Yes,STAT 443 Webwork 3,"January 9, 2025","February 25, 2025",,1 School (../To%20Do%20List/1%20School%203589c1e76e4b471b9ccf56b4158194f5.md),
Yes,COMR 458 Quiz 3,"January 9, 2025","February 28, 2025",,1 School (../To%20Do%20List/1%20School%203589c1e76e4b471b9ccf56b4158194f5.md),
Yes,COMR 458 Hw ch 6,"January 9, 2025","February 28, 2025",,1 School (../To%20Do%20List/1%20School%203589c1e76e4b471b9ccf56b4158194f5.md),
Yes,ECON 319 Research Essay Outline,"January 9, 2025","March 7, 2025",,1 School (../To%20Do%20List/1%20School%203589c1e76e4b471b9ccf56b4158194f5.md),
Yes,STAT 443 Webwork 4,"January 9, 2025","March 11, 2025",,1 School (../To%20Do%20List/1%20School%203589c1e76e4b471b9ccf56b4158194f5.md),
Yes,STAT 443 Written 3,"January 9, 2025","March 20, 2025",,1 School (../To%20Do%20List/1%20School%203589c1e76e4b471b9ccf56b4158194f5.md),
Yes,COMR 458 HW ch 7,"January 9, 2025","March 21, 2025",,1 School (../To%20Do%20List/1%20School%203589c1e76e4b471b9ccf56b4158194f5.md),
Yes,STAT 443 Webwork 5,"January 9, 2025","March 25, 2025",,1 School (../To%20Do%20List/1%20School%203589c1e76e4b471b9ccf56b4158194f5.md),
Yes,ECON 319 Second Test,"January 9, 2025","March 27, 2025",,1 School (../To%20Do%20List/1%20School%203589c1e76e4b471b9ccf56b4158194f5.md),
Yes,STAT 443 Written 4,"January 9, 2025","April 3, 2025",,1 School (../To%20Do%20List/1%20School%203589c1e76e4b471b9ccf56b4158194f5.md),
Yes,COMR 458 HW ch 10,"January 9, 2025","April 4, 2025",,1 School (../To%20Do%20List/1%20School%203589c1e76e4b471b9ccf56b4158194f5.md),
Yes,ECON 319 Essay,"January 9, 2025","April 4, 2025",,1 School (../To%20Do%20List/1%20School%203589c1e76e4b471b9ccf56b4158194f5.md),
Yes,STAT 443 Webwork 6,"January 9, 2025","April 8, 2025",,1 School (../To%20Do%20List/1%20School%203589c1e76e4b471b9ccf56b4158194f5.md),
Yes,COMR 458 Quiz 4,"January 9, 2025","April 11, 2025",,1 School (../To%20Do%20List/1%20School%203589c1e76e4b471b9ccf56b4158194f5.md),
Yes,COMR 458 Hw ch 11,"January 9, 2025","April 11, 2025",,1 School (../To%20Do%20List/1%20School%203589c1e76e4b471b9ccf56b4158194f5.md),
Yes,STAT 450 Research Ethics Cert,"January 11, 2025","January 13, 2025",,1 School (../To%20Do%20List/1%20School%203589c1e76e4b471b9ccf56b4158194f5.md),
Yes,STAT 450 HW 1,"January 11, 2025","January 20, 2025",,1 School (../To%20Do%20List/1%20School%203589c1e76e4b471b9ccf56b4158194f5.md),
Yes,STAT 450 Client Meeting 1 Prep,"January 11, 2025","January 23, 2025",,1 School (../To%20Do%20List/1%20School%203589c1e76e4b471b9ccf56b4158194f5.md),
Yes,STAT 450 Group Contract,"January 11, 2025","January 23, 2025",,1 School (../To%20Do%20List/1%20School%203589c1e76e4b471b9ccf56b4158194f5.md),
Yes,STAT 450 Clientmeeting 1 notes,"January 11, 2025","January 27, 2025",,1 School (../To%20Do%20List/1%20School%203589c1e76e4b471b9ccf56b4158194f5.md),
Yes,STAT 450 HW2,"January 11, 2025","January 27, 2025",,1 School (../To%20Do%20List/1%20School%203589c1e76e4b471b9ccf56b4158194f5.md),
Yes,STAT 450 Group Proposal,"January 11, 2025","February 3, 2025",,1 School (../To%20Do%20List/1%20School%203589c1e76e4b471b9ccf56b4158194f5.md),
Yes,STAT 450 In class pres file due,"January 11, 2025","February 6, 2025",,1 School (../To%20Do%20List/1%20School%203589c1e76e4b471b9ccf56b4158194f5.md),
Yes,STAT 450 HW3,"January 11, 2025","February 10, 2025",,1 School (../To%20Do%20List/1%20School%203589c1e76e4b471b9ccf56b4158194f5.md),
Yes,STAT 450 Mid Group Review,"January 11, 2025","February 18, 2025",,1 School (../To%20Do%20List/1%20School%203589c1e76e4b471b9ccf56b4158194f5.md),
Yes,STAT 450 1st Draft,"January 11, 2025","February 20, 2025",,1 School (../To%20Do%20List/1%20School%203589c1e76e4b471b9ccf56b4158194f5.md),
Yes,STAT 450 Report Peer Review,"January 11, 2025","February 26, 2025",,1 School (../To%20Do%20List/1%20School%203589c1e76e4b471b9ccf56b4158194f5.md),
Yes,STAT 450 Client Meeting 2 prep,"January 11, 2025","February 27, 2025",,1 School (../To%20Do%20List/1%20School%203589c1e76e4b471b9ccf56b4158194f5.md),
Yes,STAT 450 Client Meeting 2 notes,"January 11, 2025","March 2, 2025",,1 School (../To%20Do%20List/1%20School%203589c1e76e4b471b9ccf56b4158194f5.md),
Yes,"STAT 450 Lab (Every Week) ","January 11, 2025","March 7, 2025",,1 School (../To%20Do%20List/1%20School%203589c1e76e4b471b9ccf56b4158194f5.md),
Yes,STAT 450 Oral pres submit,"January 11, 2025","March 11, 2025",,1 School (../To%20Do%20List/1%20School%203589c1e76e4b471b9ccf56b4158194f5.md),
Yes,STAT 450 Oral pres peer review,"January 11, 2025","March 18, 2025",,1 School (../To%20Do%20List/1%20School%203589c1e76e4b471b9ccf56b4158194f5.md),
Yes,STAT 450 Project summary for poster session,"January 11, 2025","March 18, 2025",,1 School (../To%20Do%20List/1%20School%203589c1e76e4b471b9ccf56b4158194f5.md),
Yes,STAT 450 2nd draft report,"January 11, 2025","March 23, 2025",,1 School (../To%20Do%20List/1%20School%203589c1e76e4b471b9ccf56b4158194f5.md),
Yes,STAT 450 Mock poster session submission,"January 11, 2025","March 25, 2025",,1 School (../To%20Do%20List/1%20School%203589c1e76e4b471b9ccf56b4158194f5.md),
Yes,STAT 450 Final Poster,"January 11, 2025","March 31, 2025",,1 School (../To%20Do%20List/1%20School%203589c1e76e4b471b9ccf56b4158194f5.md),
Yes,"STAT 443 Lab (Every Week) ","January 11, 2025","April 4, 2025",,1 School (../To%20Do%20List/1%20School%203589c1e76e4b471b9ccf56b4158194f5.md),
Yes,"STAT 450 Final Peer Assessment ","January 11, 2025","April 11, 2025",,1 School (../To%20Do%20List/1%20School%203589c1e76e4b471b9ccf56b4158194f5.md),
Yes,STAT 450 Final Report,"January 11, 2025","April 11, 2025",,1 School (../To%20Do%20List/1%20School%203589c1e76e4b471b9ccf56b4158194f5.md),
Yes,STAT 443 Activity 1,"January 13, 2025","January 14, 2025",,1 School (../To%20Do%20List/1%20School%203589c1e76e4b471b9ccf56b4158194f5.md),
Yes,STAT443 Activity 2,"January 13, 2025","January 16, 2025",,1 School (../To%20Do%20List/1%20School%203589c1e76e4b471b9ccf56b4158194f5.md),
No,Email Profs for all courses,"January 13, 2025","April 16, 2025",Alex,Interviews (../To%20Do%20List/Interviews%2039208078d35549dcbf57093530474702.md),
Yes,STAT 443 Activity 3 & 4,"January 16, 2025","January 21, 2025",,1 School (../To%20Do%20List/1%20School%203589c1e76e4b471b9ccf56b4158194f5.md),
Yes,307 Python # 2,,"October 25, 2021",,,
Yes,302 WW3: Q3c,,"October 25, 2021",,,
Yes,121 HW2 Q1 2 4 5,,"October 26, 2021",,,
Yes,221: Lab - Trees,,"October 31, 2021",,,
Yes,"121 Quiz ",,"November 1, 2021",,,
Yes,302 WW4,,"November 1, 2021",,,
Yes,121 Prelab,,"November 2, 2021",,,
Yes,100: Project proposal,,"November 9, 2021",,,
Yes,221 AVL Lab → not sure why I can't get rotate left to work → ask to meet up with sky on Saturday,,"November 14, 2021",,,
Yes,International,,"November 16, 2021",,,
Yes,100 Midterm 2,,"November 16, 2021",,,
Yes,121 Assignment 3,,"November 16, 2021",,,
Yes,307: HW 4,,"November 16, 2021",,,
Yes,307 Midterm 2,,"November 17, 2021",,,
Yes,121 Midterm 2,,"November 17, 2021",,,
Yes,302 Midterm 2,,"November 19, 2021",,,
Yes,221 Lab Dict,,"November 21, 2021",,,
Yes,121 Quiz A & B,,"November 22, 2021",,,
Yes,302: WW5,,"November 22, 2021",,,
Yes,221 PA3,,"November 22, 2021",,,
Yes,221 PA2,,"November 22, 2021",,,
Yes,121 Prelab,,"November 23, 2021",,,
Yes,100 Tutorial,,"November 25, 2021",,,
Yes,307: Python #3,,"November 26, 2021",,,
Yes,100 Worksheet,,"November 27, 2021",,,
Yes,307: HW 5,,"December 3, 2021",,,
Yes,302: WW6,,"December 6, 2021",,,
Yes,121 Assignment 4,,"December 7, 2021",,,
Yes,307: Python #4,,"December 7, 2021",,,
Yes,WRDS150: Introduction,,"January 10, 2022",,,
Yes,WRDS150: Syllabus activity,,"January 11, 2022",,,
Yes,WRDS150: ILA 2,,"January 21, 2022",,,
Yes,MATH303: HW1,,"January 21, 2022",,,
Yes,STAT306: WW1,,"January 23, 2022",,,
Yes,WRDS150: Library search tutorial,,"January 23, 2022",,,
Yes,"213 Quiz 1 ",,"January 25, 2022",,,
Yes,CPSC213: ASGN1,,"January 25, 2022",,,
Yes,"150: ILA 3 ",,"January 28, 2022",,,
Yes,STAT306: WW2,,"January 30, 2022",,,
Yes,WRDS150: RR A2,,"January 30, 2022",,,
Yes,CPSC213: ASGN2,,"February 1, 2022",,,
Yes,"150: ILA 4 ",,"February 4, 2022",,,
Yes,MATH303:  HW3,,"February 4, 2022",,,
Yes,STAT306: WW3,,"February 6, 2022",,,
Yes,STAT306 LAB,,"February 11, 2022",,,
Yes,MATH303: MIDTERM 1,,"February 11, 2022",,,
Yes,STAT306: WW4,,"February 13, 2022",,,
Yes,CPSC213: ASGN4,,"February 15, 2022",,,
Yes,MATH303: HW4,,"February 18, 2022",,,
Yes,150 Annotated Bib,,"February 20, 2022",,,
Yes,150 Reserach Proposal First Draft,,"February 27, 2022",,,
Yes,STAT306: WW5,,"February 27, 2022",,,
Yes,That stats exam,,"February 28, 2022",,,
Yes,15 Research Proposal Peer Review,,"February 28, 2022",,,
Yes,CPSC213: ASGN5,,"March 1, 2022",,,
Yes,Research Proposal Due,,"March 2, 2022",,,
Yes,CPSC213 MIDTERM,,"March 2, 2022",,,
Yes,STAT306: Assignment 1,,"March 4, 2022",,,
Yes,MATH303: HW5,,"March 4, 2022",,,
Yes,STAT306: WW6,,"March 6, 2022",,,
Yes,STAT 306 MIDTERM 1,,"March 8, 2022",,,
Yes,CPSC213: ASGN6,,"March 8, 2022",,,
Yes,MATH303:  HW6,,"March 11, 2022",,,
Yes,150 Reading response to article 5,,"March 13, 2022",,,
Yes,STAT306: WW7,,"March 13, 2022",,,
Yes,CPSC213: ASGN7,,"March 15, 2022",,,
Yes,306 Group project proposal,,"March 18, 2022",,,
Yes,MATH303: MIDTERM 2,,"March 18, 2022",,,
Yes,150 Presentation,,"March 20, 2022",,,
Yes,STAT306: WW8,,"March 20, 2022",,,
Yes,306 Pre-class activity,,"March 22, 2022",,,
Yes,CPSC213: ASGN8,,"March 22, 2022",,,
Yes,150 Article 6 response,,"March 23, 2022",,,
Yes,MATH303: HW7,,"March 26, 2022",,,
Yes,STAT306: WW9,,"March 27, 2022",,,
Yes,150 Academic style quiz,,"March 28, 2022",,,
Yes,CPSC213: ASGN9,,"March 29, 2022",,,
Yes,MATH303:  HW8,,"April 1, 2022",,,
Yes,150 Final Paper For Peer Review,,"April 3, 2022",,,
Yes,STAT306: WW10,,"April 3, 2022",,,
Yes,STAT306: Asmt 2,,"April 4, 2022",,,
Yes,213 Quiz,,"April 6, 2022",,,
Yes,150: My research journey,,"April 7, 2022",,,
Yes,306 Preclass,,"April 7, 2022",,,
Yes,306 Lab,,"April 8, 2022",,,
Yes,STAT306: Group Project,,"April 8, 2022",,,
Yes,CPSC213: ASGN10,,"April 8, 2022",,,
Yes,MATH303: HW9,,"April 8, 2022",,,
Yes,CPSC213 EXAM,,"April 9, 2022",,,
Yes,STAT306 EXAM,,"April 9, 2022",,,
Yes,MATH303 EXAM,,"April 9, 2022",,,
Yes,150 Final Paper,,"April 10, 2022",,,
Yes,STAT306: WW11,,"April 10, 2022",,,
Yes,CPSC213: ASGN11,,"April 15, 2022",,,
Yes,303 FINAL,,"April 21, 2022",,,
Yes,213 FINAL,,"April 22, 2022",,,
Yes,306 FINAL,,"April 22, 2022",,,
Yes,Course selection 10:50PST,,"June 30, 2022",,,
Yes,COOP MODU 2,,"August 23, 2022",,,
Yes,COOP MODU 1,,"August 23, 2022",,,
Yes,LOCK CREDIT CARD BEFORE 27th,,"August 27, 2022",,,
Yes,Complete first week lecture & tutorial sheets,,"September 10, 2022",,,
Yes,Assignment 1,,"September 12, 2022",,,
Yes,"Assignment 1 ",,"September 25, 2022",,,
Yes,Assignment 2,,"October 2, 2022",,,
Yes,STAT201 MT 1,,"October 5, 2022",,,
Yes,Practice Problems Every Friday,,"October 7, 2022",,,
Yes,COMR 457 MT1,,"October 12, 2022",,,
Yes,MATH 344 MT,,"October 20, 2022",,,
Yes,COMR473 Midterm,,"October 22, 2022",,,
Yes,Assignment 3,,"October 23, 2022",,,
Yes,"COMR329 Midterm ",,"October 25, 2022",,,
Yes,Assignment 4,,"November 6, 2022",,,
Yes,STAT 201 MT 2,,"November 7, 2022",,,
Yes,Review upcoming lecture notes every Sunday,,"November 13, 2022",,,
Yes,comr457 mt 2,,"November 16, 2022",,,
Yes,Assignment 5,,"November 27, 2022",,,
Yes,COOP MODU 4,,"January 6, 2023",,,
Yes,COOP MODU 3,,"January 6, 2023",,,
Yes,"Plan out Goals for year ",,"January 25, 2023",,,
Yes,Review all ace tech notes,,"February 15, 2023",,,
Yes,ask about Onboarding onto mini extensions for AARP,,"February 15, 2023",,,
Yes,Internal Base Updates,,"February 15, 2023",,,
Yes,"IBRN Xcel build out ",,"February 15, 2023",,,
Yes,"Ace Tech redraft bill of materials ",,"February 17, 2023",,,
Yes,AceTech Duplication task,,"February 17, 2023",,,
Yes,Video production break down outline,,"February 17, 2023",,,
Yes,ARPA Form View Reivew,,"February 17, 2023",,,
Yes,Upload my part of the views course and update Cherry,,"February 23, 2023",,,
Yes,Outline CEOP steps / todo for IBRM,,"February 24, 2023",,,
Yes,Next level of ace tech updates → combining those two interfaces,,"February 24, 2023",,,
Yes,IBRN Iask Chantal about the outcome form updates that they want and if I can work on that,,"February 24, 2023",,,
Yes,IBRN Post service confidence survey ask Chantal,,"February 24, 2023",,,
Yes,Create Course Descriptions Using Chat GPT,,"March 3, 2023",,,
Yes,Module 3 Video Thumbnails,,"March 3, 2023",,,
Yes,Email coop advisor,,"March 8, 2023",,,
Yes,Send out weekly message to brothers,,"March 12, 2023",,,
Yes,Onboarding document development,,"April 28, 2023",,,
No,STAT 450 Short Presnetation,,"February 7, 2025",,1 School (../To%20Do%20List/1%20School%203589c1e76e4b471b9ccf56b4158194f5.md),
No,2022 Coop,,,,,
Yes,Alpha Delt Speech,,,,,
Yes,Investigate locker rentals at arc / BC,,,,,
Yes,"I'm on a staircase alone ",,,,,
No,Resume and Cover Letter Review,,,,,
Yes,Put chalk pants in sports bag,,,,,
No,Taxi Sim,,,,,
No,"Check 4 grants ",,,,,
No,Learn SQL,,,,,
No,R Wiki Links,,,,,
No,UZ: pitch slide show,,,,,
No,NLP: train model,,,,,
No,FEP: Begin studying options & get git hub up,,,,,
No,"Brainstorm 5 eazy projects → blockchain, data science, computer science, machine learning",,,,,
Yes,Xanadu Quantum Technologies,,,,,
No,Inner engineering,,,,,
No,website,,,,,
No,303 Study material,,,,,
No,Kaggle comp,,,,,
No,Look at skiis on plane,,,,,
Yes,,,,,,
Yes,,,,,,
Yes,Text dad back,,,,,
No,Write down goals → things I want to do next term,,,,,
No,Look into best schedule for exam season,,,,,
No,Send messages to pledgebros we're concerned about,,,,,
Yes,Pledge lit prz: Joe Rogan #1221 start,,,,,
No,Grind some poker for the stats,,,,,
No,Go and look through hands that I flagged and analyse them,,,,,
No,message people about what they're doing friday,,,,,
No,"Create a text ui + basic functionality ",,,,,
No,,,,,,
No,Look up hand stand progression,,,,,
No,"Look to buy tools and the electronic components for skateboard ",,,,,
No,Start lesson 4 of ML,,,,,
No,Read rest of chapter 5 investing book,,,,,
No,,,,,,
No,"Go look at history of gambling and stock brokers price. ",,,,,
No,Apply for the FoodSafe Course,,,,,
No,Pick a growth stock and preform DD,,,,,
Yes,R installed and working properly,,,,,
No,,,,,,
Yes,,,,,,
Yes,,,,,,